"Start Time","Duration","Run ID","Name","Source Type","Source Name","User","Status","order","seasonal_order","mape","data"
"2025-02-04 15:40:25","33.3s","ef6d367f1389400989cf74fe083764e8","enthused-fox-340","LOCAL","c:\Users\thumm\AppData\Local\Programs\Python\Python313\Lib\site-packages\ipykernel_launcher.py","thumm","FINISHED","(1, 1, 1)","(1, 0, 1, 7)","0.19732673879766632","Sales"
"2025-02-04 01:38:59","6.3s","e460ef1e81384cf5b086d1d6c2d74167","welcoming-tern-733","LOCAL","c:\Users\thumm\AppData\Local\Programs\Python\Python313\Lib\site-packages\ipykernel_launcher.py","thumm","FINISHED","(1, 1, 1)","(1, 0, 1, 7)","0.20963800851453143","R4"
"2025-02-04 01:38:53","5.8s","853a7ce6905e4a608170f2c656c7823e","languid-fowl-303","LOCAL","c:\Users\thumm\AppData\Local\Programs\Python\Python313\Lib\site-packages\ipykernel_launcher.py","thumm","FINISHED","(1, 1, 1)","(1, 0, 1, 7)","0.21224975436566182","R3"
"2025-02-04 01:38:47","5.7s","9fb9fb2f7631403b99f25b66b3cbb83f","delicate-pig-588","LOCAL","c:\Users\thumm\AppData\Local\Programs\Python\Python313\Lib\site-packages\ipykernel_launcher.py","thumm","FINISHED","(1, 1, 1)","(1, 0, 1, 7)","0.18781810801418258","R2"
"2025-02-04 01:38:41","6.0s","d3a9ffd7209449b5b28f86f1e7600213","masked-foal-587","LOCAL","c:\Users\thumm\AppData\Local\Programs\Python\Python313\Lib\site-packages\ipykernel_launcher.py","thumm","FINISHED","(1, 1, 1)","(1, 0, 1, 7)","0.1940061763750973","R1"
"2025-02-04 01:38:34","7.3s","178904b5a9c8447da9a22df1faf4adfa","glamorous-ape-567","LOCAL","c:\Users\thumm\AppData\Local\Programs\Python\Python313\Lib\site-packages\ipykernel_launcher.py","thumm","FINISHED","(1, 1, 1)","(1, 0, 1, 7)","0.2212630072383373","L5"
"2025-02-04 01:38:27","6.7s","d115b7c9548149fab4d4415693b256e5","ambitious-calf-562","LOCAL","c:\Users\thumm\AppData\Local\Programs\Python\Python313\Lib\site-packages\ipykernel_launcher.py","thumm","FINISHED","(1, 1, 1)","(1, 0, 1, 7)","0.21796904446358176","L4"
"2025-02-04 01:38:20","7.3s","8b9d1df21e414c938f749c3fdb26fb92","unleashed-wolf-706","LOCAL","c:\Users\thumm\AppData\Local\Programs\Python\Python313\Lib\site-packages\ipykernel_launcher.py","thumm","FINISHED","(1, 1, 1)","(1, 0, 1, 7)","0.1995774888423478","L3"
"2025-02-04 01:38:14","6.1s","4b0e7e95c00749389d9fd723ed6e967f","crawling-dog-490","LOCAL","c:\Users\thumm\AppData\Local\Programs\Python\Python313\Lib\site-packages\ipykernel_launcher.py","thumm","FINISHED","(1, 1, 1)","(1, 0, 1, 7)","0.19532330938868595","L2"
"2025-02-04 01:38:06","7.6s","628b6c547a0c4a738ad6b8e8b38a9998","resilient-rook-210","LOCAL","c:\Users\thumm\AppData\Local\Programs\Python\Python313\Lib\site-packages\ipykernel_launcher.py","thumm","FINISHED","(1, 1, 1)","(1, 0, 1, 7)","0.19885202065010196","L1"
"2025-02-04 01:38:00","6.0s","0ac800978ba74bcc9ff8e08229fe1243","indecisive-robin-262","LOCAL","c:\Users\thumm\AppData\Local\Programs\Python\Python313\Lib\site-packages\ipykernel_launcher.py","thumm","FINISHED","(1, 1, 1)","(1, 0, 1, 7)","0.18669571801666185","S4"
"2025-02-04 01:37:54","5.9s","acb1f3936c2f476c98d5b0350a4ba1c7","bedecked-flea-565","LOCAL","c:\Users\thumm\AppData\Local\Programs\Python\Python313\Lib\site-packages\ipykernel_launcher.py","thumm","FINISHED","(1, 1, 1)","(1, 0, 1, 7)","0.20931285394508461","S3"
"2025-02-04 01:37:49","5.6s","295a06704f294d5ea1ccebc1b676ef28","monumental-calf-62","LOCAL","c:\Users\thumm\AppData\Local\Programs\Python\Python313\Lib\site-packages\ipykernel_launcher.py","thumm","FINISHED","(1, 1, 1)","(1, 0, 1, 7)","0.21026233561477545","S2"
"2025-02-04 01:37:43","5.3s","09884c1f1fa3437a8027ed64ef92e71f","crawling-stag-507","LOCAL","c:\Users\thumm\AppData\Local\Programs\Python\Python313\Lib\site-packages\ipykernel_launcher.py","thumm","FINISHED","(1, 1, 1)","(1, 0, 1, 7)","0.20424219417072026","S1"
"2025-02-04 01:37:39","4.2s","caff56d73a1347b7ad43795231d5d546","mysterious-snail-406","LOCAL","c:\Users\thumm\AppData\Local\Programs\Python\Python313\Lib\site-packages\ipykernel_launcher.py","thumm","FINISHED","(1, 1, 1)","(1, 0, 1, 7)","0.3087420537327198","365"
"2025-02-04 01:37:34","5.1s","ffbd944b595c4fac87caf390d14e2cd1","rare-gnat-644","LOCAL","c:\Users\thumm\AppData\Local\Programs\Python\Python313\Lib\site-packages\ipykernel_launcher.py","thumm","FINISHED","(1, 1, 1)","(1, 0, 1, 7)","0.29542854646335664","364"
"2025-02-04 01:37:29","4.7s","f47099475ab44cc5836a09b2f838886a","dazzling-ray-430","LOCAL","c:\Users\thumm\AppData\Local\Programs\Python\Python313\Lib\site-packages\ipykernel_launcher.py","thumm","FINISHED","(1, 1, 1)","(1, 0, 1, 7)","0.3245002843620061","363"
"2025-02-04 01:37:24","5.3s","e0c5ed21b9164659b995a524a5e416b9","hilarious-hare-460","LOCAL","c:\Users\thumm\AppData\Local\Programs\Python\Python313\Lib\site-packages\ipykernel_launcher.py","thumm","FINISHED","(1, 1, 1)","(1, 0, 1, 7)","0.33943355236582406","362"
"2025-02-04 01:37:19","4.9s","6e04cf36ec574c04a4f32f1f57dbda15","receptive-bat-355","LOCAL","c:\Users\thumm\AppData\Local\Programs\Python\Python313\Lib\site-packages\ipykernel_launcher.py","thumm","FINISHED","(1, 1, 1)","(1, 0, 1, 7)","0.3576873300346526","361"
"2025-02-04 01:37:13","5.6s","ff8ffbe8258443a9b50e083345bd3d5b","able-goat-177","LOCAL","c:\Users\thumm\AppData\Local\Programs\Python\Python313\Lib\site-packages\ipykernel_launcher.py","thumm","FINISHED","(1, 1, 1)","(1, 0, 1, 7)","0.2548960878472138","360"
"2025-02-04 01:37:08","5.5s","11bf7bef67a248e393c10d920ee8c9dc","learned-shark-567","LOCAL","c:\Users\thumm\AppData\Local\Programs\Python\Python313\Lib\site-packages\ipykernel_launcher.py","thumm","FINISHED","(1, 1, 1)","(1, 0, 1, 7)","0.32584772507843474","359"
"2025-02-04 01:37:03","4.6s","6e9f2ad260904fbabc433043b4f0f86c","rambunctious-cod-319","LOCAL","c:\Users\thumm\AppData\Local\Programs\Python\Python313\Lib\site-packages\ipykernel_launcher.py","thumm","FINISHED","(1, 1, 1)","(1, 0, 1, 7)","0.20866677239939954","358"
"2025-02-04 01:36:59","4.7s","6cf59d7cb3124ceebed6173f8fe2f0c7","upset-croc-223","LOCAL","c:\Users\thumm\AppData\Local\Programs\Python\Python313\Lib\site-packages\ipykernel_launcher.py","thumm","FINISHED","(1, 1, 1)","(1, 0, 1, 7)","0.2741972572795751","357"
"2025-02-04 01:36:54","4.4s","1d57b4345b234d52ae27aed59f375ae4","fearless-slug-990","LOCAL","c:\Users\thumm\AppData\Local\Programs\Python\Python313\Lib\site-packages\ipykernel_launcher.py","thumm","FINISHED","(1, 1, 1)","(1, 0, 1, 7)","0.343051841462315","356"
"2025-02-04 01:36:47","7.5s","88d83e9f4ffa44c3a77440b32cc3b47a","nebulous-goose-871","LOCAL","c:\Users\thumm\AppData\Local\Programs\Python\Python313\Lib\site-packages\ipykernel_launcher.py","thumm","FINISHED","(1, 1, 1)","(1, 0, 1, 7)","0.22236013170078753","355"
"2025-02-04 01:36:42","4.5s","b5d102acccac4994827c73c5508970f8","gentle-gull-255","LOCAL","c:\Users\thumm\AppData\Local\Programs\Python\Python313\Lib\site-packages\ipykernel_launcher.py","thumm","FINISHED","(1, 1, 1)","(1, 0, 1, 7)","0.2010956169131465","354"
"2025-02-04 01:36:37","5.4s","265d11b565594d9bb858ac382ef6f27b","polite-shad-779","LOCAL","c:\Users\thumm\AppData\Local\Programs\Python\Python313\Lib\site-packages\ipykernel_launcher.py","thumm","FINISHED","(1, 1, 1)","(1, 0, 1, 7)","0.3508532363179885","353"
"2025-02-04 01:36:32","4.4s","3dea24c5f31d4522ad6bf01cabfa402a","gentle-zebra-402","LOCAL","c:\Users\thumm\AppData\Local\Programs\Python\Python313\Lib\site-packages\ipykernel_launcher.py","thumm","FINISHED","(1, 1, 1)","(1, 0, 1, 7)","0.3634099576324817","352"
"2025-02-04 01:36:28","4.4s","067a91014cf5428982184111431fef99","adorable-quail-370","LOCAL","c:\Users\thumm\AppData\Local\Programs\Python\Python313\Lib\site-packages\ipykernel_launcher.py","thumm","FINISHED","(1, 1, 1)","(1, 0, 1, 7)","0.2892204036519278","351"
"2025-02-04 01:36:23","4.9s","0c70ecd02f8b43fb9675f871eb180cec","illustrious-fawn-341","LOCAL","c:\Users\thumm\AppData\Local\Programs\Python\Python313\Lib\site-packages\ipykernel_launcher.py","thumm","FINISHED","(1, 1, 1)","(1, 0, 1, 7)","0.3400986957262821","350"
"2025-02-04 01:36:18","5.6s","7be1666e24534b6f8366944cc419fce6","marvelous-smelt-703","LOCAL","c:\Users\thumm\AppData\Local\Programs\Python\Python313\Lib\site-packages\ipykernel_launcher.py","thumm","FINISHED","(1, 1, 1)","(1, 0, 1, 7)","0.3036724343654595","349"
"2025-02-04 01:36:13","5.0s","226c8cc70b204b76a287d79e66215067","blushing-bass-884","LOCAL","c:\Users\thumm\AppData\Local\Programs\Python\Python313\Lib\site-packages\ipykernel_launcher.py","thumm","FINISHED","(1, 1, 1)","(1, 0, 1, 7)","0.273360358922932","348"
"2025-02-04 01:36:07","5.1s","2bb08d26bf9148c495dee63f3c7433b9","defiant-perch-297","LOCAL","c:\Users\thumm\AppData\Local\Programs\Python\Python313\Lib\site-packages\ipykernel_launcher.py","thumm","FINISHED","(1, 1, 1)","(1, 0, 1, 7)","0.307748293824486","347"
"2025-02-04 01:36:01","6.1s","96858937423f494d8a468135614d14ca","legendary-vole-61","LOCAL","c:\Users\thumm\AppData\Local\Programs\Python\Python313\Lib\site-packages\ipykernel_launcher.py","thumm","FINISHED","(1, 1, 1)","(1, 0, 1, 7)","0.30157870038512063","346"
"2025-02-04 01:35:57","4.6s","bd73cd511bdd47eea8b2484deca182be","masked-hawk-328","LOCAL","c:\Users\thumm\AppData\Local\Programs\Python\Python313\Lib\site-packages\ipykernel_launcher.py","thumm","FINISHED","(1, 1, 1)","(1, 0, 1, 7)","0.3033150278140701","345"
"2025-02-04 01:35:52","5.1s","9f1cc9d8d41041d39f01ce3913856bf7","gifted-chimp-271","LOCAL","c:\Users\thumm\AppData\Local\Programs\Python\Python313\Lib\site-packages\ipykernel_launcher.py","thumm","FINISHED","(1, 1, 1)","(1, 0, 1, 7)","0.18770793276721198","344"
"2025-02-04 01:35:46","5.4s","3ad66b53f4184722b4ad5048f4d5eac5","inquisitive-bird-721","LOCAL","c:\Users\thumm\AppData\Local\Programs\Python\Python313\Lib\site-packages\ipykernel_launcher.py","thumm","FINISHED","(1, 1, 1)","(1, 0, 1, 7)","0.3240865363755129","343"
"2025-02-04 01:35:41","5.2s","28bc74ddfd714466b8ad114670c3c3ed","smiling-crab-612","LOCAL","c:\Users\thumm\AppData\Local\Programs\Python\Python313\Lib\site-packages\ipykernel_launcher.py","thumm","FINISHED","(1, 1, 1)","(1, 0, 1, 7)","0.23124171341814065","342"
"2025-02-04 01:35:36","5.2s","f12d4552c6854eb3a69a01156f0339ae","aged-duck-630","LOCAL","c:\Users\thumm\AppData\Local\Programs\Python\Python313\Lib\site-packages\ipykernel_launcher.py","thumm","FINISHED","(1, 1, 1)","(1, 0, 1, 7)","0.20135626822193628","341"
"2025-02-04 01:35:30","5.6s","ef71a0bc895b417a929d9f852e573089","fearless-stag-869","LOCAL","c:\Users\thumm\AppData\Local\Programs\Python\Python313\Lib\site-packages\ipykernel_launcher.py","thumm","FINISHED","(1, 1, 1)","(1, 0, 1, 7)","0.29203262931940277","340"
"2025-02-04 01:35:25","4.9s","b870cc042699490ba159bc767e9eca4f","crawling-stoat-406","LOCAL","c:\Users\thumm\AppData\Local\Programs\Python\Python313\Lib\site-packages\ipykernel_launcher.py","thumm","FINISHED","(1, 1, 1)","(1, 0, 1, 7)","0.31627628487835335","339"
"2025-02-04 01:35:21","4.8s","09b361d212304ef6a1337b3d40da5c63","calm-shad-771","LOCAL","c:\Users\thumm\AppData\Local\Programs\Python\Python313\Lib\site-packages\ipykernel_launcher.py","thumm","FINISHED","(1, 1, 1)","(1, 0, 1, 7)","0.3418658819161181","338"
"2025-02-04 01:35:16","5.0s","fa20378f42ef4af0863091fe7e420287","carefree-wasp-899","LOCAL","c:\Users\thumm\AppData\Local\Programs\Python\Python313\Lib\site-packages\ipykernel_launcher.py","thumm","FINISHED","(1, 1, 1)","(1, 0, 1, 7)","0.27742287141257066","337"
"2025-02-04 01:35:11","4.6s","c81c1430e360430d936ab377990dffae","chill-mole-716","LOCAL","c:\Users\thumm\AppData\Local\Programs\Python\Python313\Lib\site-packages\ipykernel_launcher.py","thumm","FINISHED","(1, 1, 1)","(1, 0, 1, 7)","0.34110672151035887","336"
"2025-02-04 01:35:07","3.9s","7ce89530855e4d2b816800a9b39c297f","blushing-asp-137","LOCAL","c:\Users\thumm\AppData\Local\Programs\Python\Python313\Lib\site-packages\ipykernel_launcher.py","thumm","FINISHED","(1, 1, 1)","(1, 0, 1, 7)","0.3403869602493087","335"
"2025-02-04 01:35:01","6.3s","0b8061e0724a42c99bb74f3e44aa6c69","popular-crow-366","LOCAL","c:\Users\thumm\AppData\Local\Programs\Python\Python313\Lib\site-packages\ipykernel_launcher.py","thumm","FINISHED","(1, 1, 1)","(1, 0, 1, 7)","0.2903589886017077","334"
"2025-02-04 01:34:55","5.6s","ad4a0fea5803435e98288b6e2eb83b4f","capricious-rat-786","LOCAL","c:\Users\thumm\AppData\Local\Programs\Python\Python313\Lib\site-packages\ipykernel_launcher.py","thumm","FINISHED","(1, 1, 1)","(1, 0, 1, 7)","0.27720431796432127","333"
"2025-02-04 01:34:49","6.0s","d5c9e62bb55242aab1c652ebdca4bbb2","capable-sloth-397","LOCAL","c:\Users\thumm\AppData\Local\Programs\Python\Python313\Lib\site-packages\ipykernel_launcher.py","thumm","FINISHED","(1, 1, 1)","(1, 0, 1, 7)","0.3406053278531301","332"
"2025-02-04 01:34:44","5.4s","5691aab75b3e442ea4f656533efe35af","handsome-sloth-941","LOCAL","c:\Users\thumm\AppData\Local\Programs\Python\Python313\Lib\site-packages\ipykernel_launcher.py","thumm","FINISHED","(1, 1, 1)","(1, 0, 1, 7)","0.2278555027455545","331"
"2025-02-04 01:34:38","5.6s","1ab13dd01b514fada061a905960532f6","enthused-donkey-422","LOCAL","c:\Users\thumm\AppData\Local\Programs\Python\Python313\Lib\site-packages\ipykernel_launcher.py","thumm","FINISHED","(1, 1, 1)","(1, 0, 1, 7)","0.3306434623948344","330"
"2025-02-04 01:34:33","5.3s","1e929407588344ccbf698c0a439f459c","burly-horse-536","LOCAL","c:\Users\thumm\AppData\Local\Programs\Python\Python313\Lib\site-packages\ipykernel_launcher.py","thumm","FINISHED","(1, 1, 1)","(1, 0, 1, 7)","0.2873445080261962","329"
"2025-02-04 01:34:28","4.7s","ff339da6a4164c53bd73305683ac7595","secretive-bird-767","LOCAL","c:\Users\thumm\AppData\Local\Programs\Python\Python313\Lib\site-packages\ipykernel_launcher.py","thumm","FINISHED","(1, 1, 1)","(1, 0, 1, 7)","0.3276497425171068","328"
"2025-02-04 01:34:23","5.0s","8ed1c80d18cb43e3a5bc4dfc2f101316","skillful-sloth-206","LOCAL","c:\Users\thumm\AppData\Local\Programs\Python\Python313\Lib\site-packages\ipykernel_launcher.py","thumm","FINISHED","(1, 1, 1)","(1, 0, 1, 7)","0.25194377558547565","327"
"2025-02-04 01:34:18","5.1s","d79427c8b96742a3b199e479a9129496","able-ape-694","LOCAL","c:\Users\thumm\AppData\Local\Programs\Python\Python313\Lib\site-packages\ipykernel_launcher.py","thumm","FINISHED","(1, 1, 1)","(1, 0, 1, 7)","0.35553523313255897","326"
"2025-02-04 01:34:12","6.1s","81a236747e6d4f3d969ca18822bfde07","upset-jay-488","LOCAL","c:\Users\thumm\AppData\Local\Programs\Python\Python313\Lib\site-packages\ipykernel_launcher.py","thumm","FINISHED","(1, 1, 1)","(1, 0, 1, 7)","0.22444942588379985","325"
"2025-02-04 01:34:07","4.8s","60b034dc3fb54760bdf9e8ea868640f1","whimsical-crow-83","LOCAL","c:\Users\thumm\AppData\Local\Programs\Python\Python313\Lib\site-packages\ipykernel_launcher.py","thumm","FINISHED","(1, 1, 1)","(1, 0, 1, 7)","0.39253151887572046","324"
"2025-02-04 01:34:02","5.4s","be087089cac542beb5d66204d1a96d92","selective-fish-432","LOCAL","c:\Users\thumm\AppData\Local\Programs\Python\Python313\Lib\site-packages\ipykernel_launcher.py","thumm","FINISHED","(1, 1, 1)","(1, 0, 1, 7)","0.21106658160980002","323"
"2025-02-04 01:33:57","4.7s","73774113e2b145ac8b799cf963ec1328","secretive-swan-972","LOCAL","c:\Users\thumm\AppData\Local\Programs\Python\Python313\Lib\site-packages\ipykernel_launcher.py","thumm","FINISHED","(1, 1, 1)","(1, 0, 1, 7)","0.31377293984308446","322"
"2025-02-04 01:33:52","4.8s","775df0bde10a4767a4e441ad20793fcd","flawless-wolf-624","LOCAL","c:\Users\thumm\AppData\Local\Programs\Python\Python313\Lib\site-packages\ipykernel_launcher.py","thumm","FINISHED","(1, 1, 1)","(1, 0, 1, 7)","0.3032493362427029","321"
"2025-02-04 01:33:47","4.7s","d46d51c9af19456fbbb37a5d06ee9cdf","angry-cat-516","LOCAL","c:\Users\thumm\AppData\Local\Programs\Python\Python313\Lib\site-packages\ipykernel_launcher.py","thumm","FINISHED","(1, 1, 1)","(1, 0, 1, 7)","0.3722816665722361","320"
"2025-02-04 01:33:42","4.9s","bc96be7ff4bb4e2fbc597e78b3176b8a","bemused-wren-908","LOCAL","c:\Users\thumm\AppData\Local\Programs\Python\Python313\Lib\site-packages\ipykernel_launcher.py","thumm","FINISHED","(1, 1, 1)","(1, 0, 1, 7)","0.3264508175074371","319"
"2025-02-04 01:33:38","4.7s","84b5a22d7516423c99d34e9e32dafb31","angry-shark-313","LOCAL","c:\Users\thumm\AppData\Local\Programs\Python\Python313\Lib\site-packages\ipykernel_launcher.py","thumm","FINISHED","(1, 1, 1)","(1, 0, 1, 7)","0.2604021645757679","318"
"2025-02-04 01:33:33","4.8s","1a83fd5084c04252846641528ca052a0","shivering-moth-539","LOCAL","c:\Users\thumm\AppData\Local\Programs\Python\Python313\Lib\site-packages\ipykernel_launcher.py","thumm","FINISHED","(1, 1, 1)","(1, 0, 1, 7)","3005332808253385700","317"
"2025-02-04 01:33:28","4.9s","bdbd31f10c954fbf9d0120a183293d03","flawless-mink-864","LOCAL","c:\Users\thumm\AppData\Local\Programs\Python\Python313\Lib\site-packages\ipykernel_launcher.py","thumm","FINISHED","(1, 1, 1)","(1, 0, 1, 7)","0.23443446360237744","316"
"2025-02-04 01:33:24","4.5s","8c9ba8d9fead4b309101f40631a2c116","respected-wasp-46","LOCAL","c:\Users\thumm\AppData\Local\Programs\Python\Python313\Lib\site-packages\ipykernel_launcher.py","thumm","FINISHED","(1, 1, 1)","(1, 0, 1, 7)","5712844639141340000","315"
"2025-02-04 01:33:19","4.5s","efbcb47da4e149b69e26f5c7a3d22a3a","suave-chimp-715","LOCAL","c:\Users\thumm\AppData\Local\Programs\Python\Python313\Lib\site-packages\ipykernel_launcher.py","thumm","FINISHED","(1, 1, 1)","(1, 0, 1, 7)","0.2880759140860015","314"
"2025-02-04 01:33:14","4.6s","3e46e36b5e0543b89c84e357d6c31aaf","nosy-newt-569","LOCAL","c:\Users\thumm\AppData\Local\Programs\Python\Python313\Lib\site-packages\ipykernel_launcher.py","thumm","FINISHED","(1, 1, 1)","(1, 0, 1, 7)","0.32149937752936864","313"
"2025-02-04 01:33:09","5.1s","fba99c6696ff42ca85c0b40b865619af","valuable-steed-181","LOCAL","c:\Users\thumm\AppData\Local\Programs\Python\Python313\Lib\site-packages\ipykernel_launcher.py","thumm","FINISHED","(1, 1, 1)","(1, 0, 1, 7)","0.2169208197136247","312"
"2025-02-04 01:33:04","5.4s","7dc3fbc766ad4bcb97ed307257d83ed7","magnificent-croc-707","LOCAL","c:\Users\thumm\AppData\Local\Programs\Python\Python313\Lib\site-packages\ipykernel_launcher.py","thumm","FINISHED","(1, 1, 1)","(1, 0, 1, 7)","0.2482884870539362","311"
"2025-02-04 01:32:59","4.9s","15890e53ac814fe3a9e321131f86e64a","serious-toad-555","LOCAL","c:\Users\thumm\AppData\Local\Programs\Python\Python313\Lib\site-packages\ipykernel_launcher.py","thumm","FINISHED","(1, 1, 1)","(1, 0, 1, 7)","0.4169240176562763","310"
"2025-02-04 01:32:55","3.8s","7d8e7ab7660c49268ed352349a41ed09","flawless-foal-353","LOCAL","c:\Users\thumm\AppData\Local\Programs\Python\Python313\Lib\site-packages\ipykernel_launcher.py","thumm","FINISHED","(1, 1, 1)","(1, 0, 1, 7)","0.3124296720591279","309"
"2025-02-04 01:32:52","3.6s","a417fa502f4d4e1f94ff0fe5be7477b7","rare-pug-593","LOCAL","c:\Users\thumm\AppData\Local\Programs\Python\Python313\Lib\site-packages\ipykernel_launcher.py","thumm","FINISHED","(1, 1, 1)","(1, 0, 1, 7)","0.27215581794692745","308"
"2025-02-04 01:32:48","3.7s","599f3404a8f5443685a180ef5b58b2b3","carefree-robin-563","LOCAL","c:\Users\thumm\AppData\Local\Programs\Python\Python313\Lib\site-packages\ipykernel_launcher.py","thumm","FINISHED","(1, 1, 1)","(1, 0, 1, 7)","0.35885692590504975","307"
"2025-02-04 01:32:44","4.2s","4fcf68505f7742028df8cc62e6271e45","respected-hawk-855","LOCAL","c:\Users\thumm\AppData\Local\Programs\Python\Python313\Lib\site-packages\ipykernel_launcher.py","thumm","FINISHED","(1, 1, 1)","(1, 0, 1, 7)","0.2907106625939771","306"
"2025-02-04 01:32:40","3.9s","bdc252281a7d4b5996adc9132f129e64","invincible-pug-798","LOCAL","c:\Users\thumm\AppData\Local\Programs\Python\Python313\Lib\site-packages\ipykernel_launcher.py","thumm","FINISHED","(1, 1, 1)","(1, 0, 1, 7)","0.33608895789829724","305"
"2025-02-04 01:32:36","3.9s","fb8fe0d4ef4b48c19cd71f4b25033315","spiffy-sheep-60","LOCAL","c:\Users\thumm\AppData\Local\Programs\Python\Python313\Lib\site-packages\ipykernel_launcher.py","thumm","FINISHED","(1, 1, 1)","(1, 0, 1, 7)","0.4183544188404165","304"
"2025-02-04 01:32:32","4.2s","48b350f6427840198ba2465110624650","victorious-moose-861","LOCAL","c:\Users\thumm\AppData\Local\Programs\Python\Python313\Lib\site-packages\ipykernel_launcher.py","thumm","FINISHED","(1, 1, 1)","(1, 0, 1, 7)","0.2293716531150262","303"
"2025-02-04 01:32:28","4.0s","e0b0aaca111a49efa132ae8e85bac3d6","hilarious-squid-28","LOCAL","c:\Users\thumm\AppData\Local\Programs\Python\Python313\Lib\site-packages\ipykernel_launcher.py","thumm","FINISHED","(1, 1, 1)","(1, 0, 1, 7)","0.2936168178861051","302"
"2025-02-04 01:32:23","4.2s","e7389d52849748c08c2cf76280f8dfe7","useful-worm-952","LOCAL","c:\Users\thumm\AppData\Local\Programs\Python\Python313\Lib\site-packages\ipykernel_launcher.py","thumm","FINISHED","(1, 1, 1)","(1, 0, 1, 7)","0.2540224250232375","301"
"2025-02-04 01:32:19","4.5s","4004a89a3e5048038bba5badc5b3c69e","gregarious-zebra-634","LOCAL","c:\Users\thumm\AppData\Local\Programs\Python\Python313\Lib\site-packages\ipykernel_launcher.py","thumm","FINISHED","(1, 1, 1)","(1, 0, 1, 7)","0.339756907360447","300"
"2025-02-04 01:32:14","4.6s","985d8c57570e47eb9eb3773f023e93dd","judicious-snake-961","LOCAL","c:\Users\thumm\AppData\Local\Programs\Python\Python313\Lib\site-packages\ipykernel_launcher.py","thumm","FINISHED","(1, 1, 1)","(1, 0, 1, 7)","0.31517602228957675","299"
"2025-02-04 01:32:10","4.3s","bab5024fb5c44e1981db54183fbe798c","gregarious-sheep-951","LOCAL","c:\Users\thumm\AppData\Local\Programs\Python\Python313\Lib\site-packages\ipykernel_launcher.py","thumm","FINISHED","(1, 1, 1)","(1, 0, 1, 7)","0.275011560275613","298"
"2025-02-04 01:32:04","6.2s","3b54475fcbf44089b648e1f327f7c808","learned-moth-744","LOCAL","c:\Users\thumm\AppData\Local\Programs\Python\Python313\Lib\site-packages\ipykernel_launcher.py","thumm","FINISHED","(1, 1, 1)","(1, 0, 1, 7)","0.3063135320275734","297"
"2025-02-04 01:31:59","5.2s","cd43b75cb093409e8aca0a9b907e9c47","judicious-swan-710","LOCAL","c:\Users\thumm\AppData\Local\Programs\Python\Python313\Lib\site-packages\ipykernel_launcher.py","thumm","FINISHED","(1, 1, 1)","(1, 0, 1, 7)","0.21288874826768284","296"
"2025-02-04 01:31:54","5.1s","b0ff0c52bbd242cfa816d447233ca7e7","nervous-crane-447","LOCAL","c:\Users\thumm\AppData\Local\Programs\Python\Python313\Lib\site-packages\ipykernel_launcher.py","thumm","FINISHED","(1, 1, 1)","(1, 0, 1, 7)","0.2890367430984054","295"
"2025-02-04 01:31:49","4.8s","761751995b7a4cbb84fe3ba489d188c7","intelligent-owl-776","LOCAL","c:\Users\thumm\AppData\Local\Programs\Python\Python313\Lib\site-packages\ipykernel_launcher.py","thumm","FINISHED","(1, 1, 1)","(1, 0, 1, 7)","0.2861611578156688","294"
"2025-02-04 01:31:44","4.5s","bdf870073ade4a4aa6ad063a11fe912f","able-tern-202","LOCAL","c:\Users\thumm\AppData\Local\Programs\Python\Python313\Lib\site-packages\ipykernel_launcher.py","thumm","FINISHED","(1, 1, 1)","(1, 0, 1, 7)","0.37937209587739457","293"
"2025-02-04 01:31:33","11.2s","8ae2b3a41a274ae588fe254620c7ad22","judicious-toad-420","LOCAL","c:\Users\thumm\AppData\Local\Programs\Python\Python313\Lib\site-packages\ipykernel_launcher.py","thumm","FINISHED","(1, 1, 1)","(1, 0, 1, 7)","0.24930045416653726","292"
"2025-02-04 01:31:20","12.6s","bef47d966637467bb3d5d44d95f6fe23","intrigued-worm-468","LOCAL","c:\Users\thumm\AppData\Local\Programs\Python\Python313\Lib\site-packages\ipykernel_launcher.py","thumm","FINISHED","(1, 1, 1)","(1, 0, 1, 7)","0.16059222305127194","291"
"2025-02-04 01:31:12","8.1s","06b9cc56a8db4fa5ad4036c6bf1a63ad","agreeable-bug-523","LOCAL","c:\Users\thumm\AppData\Local\Programs\Python\Python313\Lib\site-packages\ipykernel_launcher.py","thumm","FINISHED","(1, 1, 1)","(1, 0, 1, 7)","0.22162101783574015","290"
"2025-02-04 01:31:04","8.5s","e949cbeb78fa479dae47fe00bffa3146","dashing-bird-623","LOCAL","c:\Users\thumm\AppData\Local\Programs\Python\Python313\Lib\site-packages\ipykernel_launcher.py","thumm","FINISHED","(1, 1, 1)","(1, 0, 1, 7)","0.3305937804655771","289"
"2025-02-04 01:30:54","9.7s","2a8b908e1c37425a991bcc449bcfca83","aged-goat-523","LOCAL","c:\Users\thumm\AppData\Local\Programs\Python\Python313\Lib\site-packages\ipykernel_launcher.py","thumm","FINISHED","(1, 1, 1)","(1, 0, 1, 7)","0.2633750824158318","288"
"2025-02-04 01:30:46","8.5s","1da6bbd66f774ec5ab4e06b242a75290","masked-hare-922","LOCAL","c:\Users\thumm\AppData\Local\Programs\Python\Python313\Lib\site-packages\ipykernel_launcher.py","thumm","FINISHED","(1, 1, 1)","(1, 0, 1, 7)","0.33755225646673803","287"
"2025-02-04 01:30:37","9.1s","b6249c1f68a349cfb637a38f102e585e","blushing-flea-813","LOCAL","c:\Users\thumm\AppData\Local\Programs\Python\Python313\Lib\site-packages\ipykernel_launcher.py","thumm","FINISHED","(1, 1, 1)","(1, 0, 1, 7)","0.715443195885389","286"
"2025-02-04 01:30:27","9.0s","25f10971b4404f64a25e1340f97cbbb7","vaunted-vole-468","LOCAL","c:\Users\thumm\AppData\Local\Programs\Python\Python313\Lib\site-packages\ipykernel_launcher.py","thumm","FINISHED","(1, 1, 1)","(1, 0, 1, 7)","0.26680406437369214","285"
"2025-02-04 01:30:18","9.1s","615f5117307c40f090c4c8d62d1f3141","sassy-mouse-65","LOCAL","c:\Users\thumm\AppData\Local\Programs\Python\Python313\Lib\site-packages\ipykernel_launcher.py","thumm","FINISHED","(1, 1, 1)","(1, 0, 1, 7)","0.24967511877879098","284"
"2025-02-04 01:30:08","10.3s","11f5afacf52247abb5c2acb4daee65a8","redolent-kit-369","LOCAL","c:\Users\thumm\AppData\Local\Programs\Python\Python313\Lib\site-packages\ipykernel_launcher.py","thumm","FINISHED","(1, 1, 1)","(1, 0, 1, 7)","0.3184822389293119","283"
"2025-02-04 01:29:59","9.3s","100e05634e514e9c98dec4926c3e952a","receptive-panda-564","LOCAL","c:\Users\thumm\AppData\Local\Programs\Python\Python313\Lib\site-packages\ipykernel_launcher.py","thumm","FINISHED","(1, 1, 1)","(1, 0, 1, 7)","0.240474352959945","282"
"2025-02-04 01:29:50","8.9s","1d481a2b601d4df4977b7722b885e2f0","gentle-hound-76","LOCAL","c:\Users\thumm\AppData\Local\Programs\Python\Python313\Lib\site-packages\ipykernel_launcher.py","thumm","FINISHED","(1, 1, 1)","(1, 0, 1, 7)","0.3936441104309572","281"
"2025-02-04 01:29:40","9.6s","a3a0fd15ab864ac79df1c4d61704b216","victorious-kite-884","LOCAL","c:\Users\thumm\AppData\Local\Programs\Python\Python313\Lib\site-packages\ipykernel_launcher.py","thumm","FINISHED","(1, 1, 1)","(1, 0, 1, 7)","0.2670168674904541","280"
"2025-02-04 01:29:28","12.1s","f732b31a116843199a64948c8ec02ad7","nebulous-croc-271","LOCAL","c:\Users\thumm\AppData\Local\Programs\Python\Python313\Lib\site-packages\ipykernel_launcher.py","thumm","FINISHED","(1, 1, 1)","(1, 0, 1, 7)","0.1836211076342214","279"
"2025-02-04 01:29:16","11.8s","b3c5a4d3158c432aa0c81b5e8f8ca851","serious-mare-8","LOCAL","c:\Users\thumm\AppData\Local\Programs\Python\Python313\Lib\site-packages\ipykernel_launcher.py","thumm","FINISHED","(1, 1, 1)","(1, 0, 1, 7)","0.2914627259994773","278"
"2025-02-04 01:29:06","9.9s","bb217e2a76c94a8a9786a02e96f6c034","calm-colt-283","LOCAL","c:\Users\thumm\AppData\Local\Programs\Python\Python313\Lib\site-packages\ipykernel_launcher.py","thumm","FINISHED","(1, 1, 1)","(1, 0, 1, 7)","0.29998219686275507","277"
"2025-02-04 01:28:57","9.1s","6bea97e2546740858f7b95c9db064a39","adaptable-bee-830","LOCAL","c:\Users\thumm\AppData\Local\Programs\Python\Python313\Lib\site-packages\ipykernel_launcher.py","thumm","FINISHED","(1, 1, 1)","(1, 0, 1, 7)","0.212565031928963","276"
"2025-02-04 01:28:48","9.0s","fb2a64cbade34daf849ee03934fc172f","capricious-hog-667","LOCAL","c:\Users\thumm\AppData\Local\Programs\Python\Python313\Lib\site-packages\ipykernel_launcher.py","thumm","FINISHED","(1, 1, 1)","(1, 0, 1, 7)","0.283556785771891","275"
"2025-02-04 01:28:39","8.8s","7a4a7ce8e00d41848bded1f64712e63e","unruly-kit-513","LOCAL","c:\Users\thumm\AppData\Local\Programs\Python\Python313\Lib\site-packages\ipykernel_launcher.py","thumm","FINISHED","(1, 1, 1)","(1, 0, 1, 7)","0.3369621937301127","274"
"2025-02-04 01:28:30","9.6s","e3a9fb309cf64ff490356e69c9f27f45","persistent-crow-916","LOCAL","c:\Users\thumm\AppData\Local\Programs\Python\Python313\Lib\site-packages\ipykernel_launcher.py","thumm","FINISHED","(1, 1, 1)","(1, 0, 1, 7)","0.23112268017537124","273"
"2025-02-04 01:28:21","9.0s","8225286c136e413b832977c0548cc60e","wise-mare-764","LOCAL","c:\Users\thumm\AppData\Local\Programs\Python\Python313\Lib\site-packages\ipykernel_launcher.py","thumm","FINISHED","(1, 1, 1)","(1, 0, 1, 7)","0.3571358498881366","272"
"2025-02-04 01:28:11","9.3s","303aa5abc0914f9fa5ac7a69162eec8a","dapper-grub-135","LOCAL","c:\Users\thumm\AppData\Local\Programs\Python\Python313\Lib\site-packages\ipykernel_launcher.py","thumm","FINISHED","(1, 1, 1)","(1, 0, 1, 7)","0.2726301969991752","271"
"2025-02-04 01:28:01","9.9s","98dd87fe14f74ea499bb5a7bccb6f40b","luminous-hawk-565","LOCAL","c:\Users\thumm\AppData\Local\Programs\Python\Python313\Lib\site-packages\ipykernel_launcher.py","thumm","FINISHED","(1, 1, 1)","(1, 0, 1, 7)","0.27122027418225075","270"
"2025-02-04 01:27:50","11.3s","599753b8296c482ba4a7ab3a618d4e7f","peaceful-duck-713","LOCAL","c:\Users\thumm\AppData\Local\Programs\Python\Python313\Lib\site-packages\ipykernel_launcher.py","thumm","FINISHED","(1, 1, 1)","(1, 0, 1, 7)","0.21795484497693396","269"
"2025-02-04 01:27:37","13.3s","3b7fe9b8fc5949099f177b6f0fc559dd","likeable-shrike-445","LOCAL","c:\Users\thumm\AppData\Local\Programs\Python\Python313\Lib\site-packages\ipykernel_launcher.py","thumm","FINISHED","(1, 1, 1)","(1, 0, 1, 7)","0.35270669384095016","268"
"2025-02-04 01:27:25","11.9s","b4881864885a45c5a26da2bc6287bae5","welcoming-stoat-617","LOCAL","c:\Users\thumm\AppData\Local\Programs\Python\Python313\Lib\site-packages\ipykernel_launcher.py","thumm","FINISHED","(1, 1, 1)","(1, 0, 1, 7)","0.23426650417800182","267"
"2025-02-04 01:27:16","9.1s","5608b47a66da48cfb997fa8a1d2086c7","thoughtful-flea-656","LOCAL","c:\Users\thumm\AppData\Local\Programs\Python\Python313\Lib\site-packages\ipykernel_launcher.py","thumm","FINISHED","(1, 1, 1)","(1, 0, 1, 7)","0.22303799638791194","266"
"2025-02-04 01:27:07","9.2s","cff601d6f0b84286b6f6d6a042e27bcc","legendary-moose-232","LOCAL","c:\Users\thumm\AppData\Local\Programs\Python\Python313\Lib\site-packages\ipykernel_launcher.py","thumm","FINISHED","(1, 1, 1)","(1, 0, 1, 7)","0.2137386167694015","265"
"2025-02-04 01:26:57","9.3s","8cc9cdd8d913477097c0a10a8420e916","carefree-hare-999","LOCAL","c:\Users\thumm\AppData\Local\Programs\Python\Python313\Lib\site-packages\ipykernel_launcher.py","thumm","FINISHED","(1, 1, 1)","(1, 0, 1, 7)","0.31808109528124767","264"
"2025-02-04 01:26:48","9.1s","17b72d862ede48dab9ffdffe46349f02","magnificent-cat-908","LOCAL","c:\Users\thumm\AppData\Local\Programs\Python\Python313\Lib\site-packages\ipykernel_launcher.py","thumm","FINISHED","(1, 1, 1)","(1, 0, 1, 7)","0.5699785795552337","263"
"2025-02-04 01:26:38","9.8s","cd4f2e06b09e43da9c09c174415bb6c3","angry-elk-369","LOCAL","c:\Users\thumm\AppData\Local\Programs\Python\Python313\Lib\site-packages\ipykernel_launcher.py","thumm","FINISHED","(1, 1, 1)","(1, 0, 1, 7)","0.32602949364731404","262"
"2025-02-04 01:26:29","8.9s","3a7993d5948844d182841ed31bea4bc8","blushing-asp-610","LOCAL","c:\Users\thumm\AppData\Local\Programs\Python\Python313\Lib\site-packages\ipykernel_launcher.py","thumm","FINISHED","(1, 1, 1)","(1, 0, 1, 7)","0.28578709044124173","261"
"2025-02-04 01:26:20","9.7s","d72353177c524e65bea342a04c531154","orderly-cat-54","LOCAL","c:\Users\thumm\AppData\Local\Programs\Python\Python313\Lib\site-packages\ipykernel_launcher.py","thumm","FINISHED","(1, 1, 1)","(1, 0, 1, 7)","0.23287722965356583","260"
"2025-02-04 01:26:11","8.8s","6e6c464031f44d90bb0cff66fec8a7b5","nervous-hog-373","LOCAL","c:\Users\thumm\AppData\Local\Programs\Python\Python313\Lib\site-packages\ipykernel_launcher.py","thumm","FINISHED","(1, 1, 1)","(1, 0, 1, 7)","0.26375888193797375","259"
"2025-02-04 01:26:00","10.7s","c7af6373a8af46c6ada17536200353df","likeable-fox-150","LOCAL","c:\Users\thumm\AppData\Local\Programs\Python\Python313\Lib\site-packages\ipykernel_launcher.py","thumm","FINISHED","(1, 1, 1)","(1, 0, 1, 7)","0.2923477067180275","258"
"2025-02-04 01:25:50","9.9s","b3fc9139bc7048a5bf54e15cbe47913b","vaunted-hog-328","LOCAL","c:\Users\thumm\AppData\Local\Programs\Python\Python313\Lib\site-packages\ipykernel_launcher.py","thumm","FINISHED","(1, 1, 1)","(1, 0, 1, 7)","0.313479814231715","257"
"2025-02-04 01:25:40","10.3s","45b79e3f25954c6e82599a9f7317ef7e","delicate-squid-947","LOCAL","c:\Users\thumm\AppData\Local\Programs\Python\Python313\Lib\site-packages\ipykernel_launcher.py","thumm","FINISHED","(1, 1, 1)","(1, 0, 1, 7)","0.20685976447044252","256"
"2025-02-04 01:25:31","9.4s","2334615c800c4e1b98fc4c008f697d0c","whimsical-gnat-880","LOCAL","c:\Users\thumm\AppData\Local\Programs\Python\Python313\Lib\site-packages\ipykernel_launcher.py","thumm","FINISHED","(1, 1, 1)","(1, 0, 1, 7)","0.2707999045358601","255"
"2025-02-04 01:25:21","9.3s","ff6adc922ebb489385602853e3a4c35c","bemused-sow-60","LOCAL","c:\Users\thumm\AppData\Local\Programs\Python\Python313\Lib\site-packages\ipykernel_launcher.py","thumm","FINISHED","(1, 1, 1)","(1, 0, 1, 7)","0.3207890971104739","254"
"2025-02-04 01:25:12","9.3s","d00e5d5329d14ff79cb322cf1d4b9560","aged-toad-314","LOCAL","c:\Users\thumm\AppData\Local\Programs\Python\Python313\Lib\site-packages\ipykernel_launcher.py","thumm","FINISHED","(1, 1, 1)","(1, 0, 1, 7)","0.3695920729797949","253"
"2025-02-04 01:25:02","10.3s","686360e89d6d4e53a6737b1dfa793cd3","unique-bee-565","LOCAL","c:\Users\thumm\AppData\Local\Programs\Python\Python313\Lib\site-packages\ipykernel_launcher.py","thumm","FINISHED","(1, 1, 1)","(1, 0, 1, 7)","0.28980189809321505","252"
"2025-02-04 01:24:52","9.5s","247821eea347475496a1703909dab5f8","victorious-goose-661","LOCAL","c:\Users\thumm\AppData\Local\Programs\Python\Python313\Lib\site-packages\ipykernel_launcher.py","thumm","FINISHED","(1, 1, 1)","(1, 0, 1, 7)","0.33624961345988624","251"
"2025-02-04 01:24:42","9.9s","6ae3407783e9449d9600b9a95a69ad06","learned-eel-868","LOCAL","c:\Users\thumm\AppData\Local\Programs\Python\Python313\Lib\site-packages\ipykernel_launcher.py","thumm","FINISHED","(1, 1, 1)","(1, 0, 1, 7)","0.2388074223411199","250"
"2025-02-04 01:24:32","10.2s","0df3f2a747c84dc7be8c650f2bda4de7","traveling-gull-160","LOCAL","c:\Users\thumm\AppData\Local\Programs\Python\Python313\Lib\site-packages\ipykernel_launcher.py","thumm","FINISHED","(1, 1, 1)","(1, 0, 1, 7)","0.43989771571870295","249"
"2025-02-04 01:24:22","10.3s","8c6d3c1d7d4b473aa9af31200130677b","agreeable-roo-371","LOCAL","c:\Users\thumm\AppData\Local\Programs\Python\Python313\Lib\site-packages\ipykernel_launcher.py","thumm","FINISHED","(1, 1, 1)","(1, 0, 1, 7)","0.3311991527247485","248"
"2025-02-04 01:24:11","10.1s","49e34ebc73d346168339e52950e8c5de","unequaled-shrike-749","LOCAL","c:\Users\thumm\AppData\Local\Programs\Python\Python313\Lib\site-packages\ipykernel_launcher.py","thumm","FINISHED","(1, 1, 1)","(1, 0, 1, 7)","0.32952212421185717","247"
"2025-02-04 01:24:01","10.0s","06fc9005f86048caa9f238cf95553703","exultant-shad-707","LOCAL","c:\Users\thumm\AppData\Local\Programs\Python\Python313\Lib\site-packages\ipykernel_launcher.py","thumm","FINISHED","(1, 1, 1)","(1, 0, 1, 7)","0.43826605101429394","246"
"2025-02-04 01:23:51","10.5s","7b08f5a315b34329bc7f6ccf7af163c0","youthful-goose-780","LOCAL","c:\Users\thumm\AppData\Local\Programs\Python\Python313\Lib\site-packages\ipykernel_launcher.py","thumm","FINISHED","(1, 1, 1)","(1, 0, 1, 7)","0.1514965995260784","245"
"2025-02-04 01:23:42","9.1s","67766d1f30a94fcc9e87985441f3d6bb","bustling-mink-343","LOCAL","c:\Users\thumm\AppData\Local\Programs\Python\Python313\Lib\site-packages\ipykernel_launcher.py","thumm","FINISHED","(1, 1, 1)","(1, 0, 1, 7)","0.37118420260505114","244"
"2025-02-04 01:23:32","9.3s","6edd376abc0141adae699ef5889b050c","carefree-seal-237","LOCAL","c:\Users\thumm\AppData\Local\Programs\Python\Python313\Lib\site-packages\ipykernel_launcher.py","thumm","FINISHED","(1, 1, 1)","(1, 0, 1, 7)","0.29720627219690876","243"
"2025-02-04 01:23:24","8.5s","95721c8581ec40ec88504aa077410267","gregarious-moth-592","LOCAL","c:\Users\thumm\AppData\Local\Programs\Python\Python313\Lib\site-packages\ipykernel_launcher.py","thumm","FINISHED","(1, 1, 1)","(1, 0, 1, 7)","0.2915897858585063","242"
"2025-02-04 01:23:14","9.6s","248c1c3e89de44b694701be27e14f7f9","powerful-duck-42","LOCAL","c:\Users\thumm\AppData\Local\Programs\Python\Python313\Lib\site-packages\ipykernel_launcher.py","thumm","FINISHED","(1, 1, 1)","(1, 0, 1, 7)","0.2846198701630748","241"
"2025-02-04 01:23:04","10.6s","b5c8c856ade249d2bc4ff56b7724ff7b","worried-newt-191","LOCAL","c:\Users\thumm\AppData\Local\Programs\Python\Python313\Lib\site-packages\ipykernel_launcher.py","thumm","FINISHED","(1, 1, 1)","(1, 0, 1, 7)","0.2252183848166707","240"
"2025-02-04 01:22:55","9.1s","87c9911711e24b4da92b78a024625967","traveling-sponge-38","LOCAL","c:\Users\thumm\AppData\Local\Programs\Python\Python313\Lib\site-packages\ipykernel_launcher.py","thumm","FINISHED","(1, 1, 1)","(1, 0, 1, 7)","0.2592698631450516","239"
"2025-02-04 01:22:45","9.7s","a0ce2e9919fc44259b5e5427bb6a8c4b","exultant-zebra-640","LOCAL","c:\Users\thumm\AppData\Local\Programs\Python\Python313\Lib\site-packages\ipykernel_launcher.py","thumm","FINISHED","(1, 1, 1)","(1, 0, 1, 7)","0.20990628443194642","238"
"2025-02-04 01:22:35","9.8s","9c473d81f2cf419884e7f927b547aa4e","rumbling-mole-197","LOCAL","c:\Users\thumm\AppData\Local\Programs\Python\Python313\Lib\site-packages\ipykernel_launcher.py","thumm","FINISHED","(1, 1, 1)","(1, 0, 1, 7)","0.24614111520031937","237"
"2025-02-04 01:22:26","9.3s","df36f0f71aa442ad92865c927901a6e4","nervous-shad-750","LOCAL","c:\Users\thumm\AppData\Local\Programs\Python\Python313\Lib\site-packages\ipykernel_launcher.py","thumm","FINISHED","(1, 1, 1)","(1, 0, 1, 7)","0.2361973660531893","236"
"2025-02-04 01:22:17","9.2s","4ee27a3afc484aefba296788139c3460","bright-toad-918","LOCAL","c:\Users\thumm\AppData\Local\Programs\Python\Python313\Lib\site-packages\ipykernel_launcher.py","thumm","FINISHED","(1, 1, 1)","(1, 0, 1, 7)","0.2511968352721047","235"
"2025-02-04 01:22:06","10.2s","d62171e8288445019350665a9d7560d3","glamorous-roo-837","LOCAL","c:\Users\thumm\AppData\Local\Programs\Python\Python313\Lib\site-packages\ipykernel_launcher.py","thumm","FINISHED","(1, 1, 1)","(1, 0, 1, 7)","0.3259960920370701","234"
"2025-02-04 01:21:57","9.9s","72ec8520f71942f9b826d318c2d8a15a","big-koi-561","LOCAL","c:\Users\thumm\AppData\Local\Programs\Python\Python313\Lib\site-packages\ipykernel_launcher.py","thumm","FINISHED","(1, 1, 1)","(1, 0, 1, 7)","0.24297303992200803","233"
"2025-02-04 01:21:45","11.7s","e1f3335a0ef34c8381e7f3e5943d0b14","learned-gull-209","LOCAL","c:\Users\thumm\AppData\Local\Programs\Python\Python313\Lib\site-packages\ipykernel_launcher.py","thumm","FINISHED","(1, 1, 1)","(1, 0, 1, 7)","0.23346010984401566","232"
"2025-02-04 01:21:35","10.0s","07d0fa8e0afc4ac7ae45b02cb32ee04c","agreeable-doe-207","LOCAL","c:\Users\thumm\AppData\Local\Programs\Python\Python313\Lib\site-packages\ipykernel_launcher.py","thumm","FINISHED","(1, 1, 1)","(1, 0, 1, 7)","0.29094738840050377","231"
"2025-02-04 01:21:24","10.9s","1f30f724ecb4431ebc8cb6bbed9535a6","secretive-koi-829","LOCAL","c:\Users\thumm\AppData\Local\Programs\Python\Python313\Lib\site-packages\ipykernel_launcher.py","thumm","FINISHED","(1, 1, 1)","(1, 0, 1, 7)","0.247964324311849","230"
"2025-02-04 01:21:13","11.1s","1ed649184d7143ad82b120073eec55f0","traveling-bird-658","LOCAL","c:\Users\thumm\AppData\Local\Programs\Python\Python313\Lib\site-packages\ipykernel_launcher.py","thumm","FINISHED","(1, 1, 1)","(1, 0, 1, 7)","0.3008873622257867","229"
"2025-02-04 01:21:02","10.4s","6bd6cc61ad2b4050bc8aba087638bde7","skillful-hog-995","LOCAL","c:\Users\thumm\AppData\Local\Programs\Python\Python313\Lib\site-packages\ipykernel_launcher.py","thumm","FINISHED","(1, 1, 1)","(1, 0, 1, 7)","0.43407512441639634","228"
"2025-02-04 01:20:51","10.9s","8d86225279c8431ea7d3970361eb5936","able-dog-612","LOCAL","c:\Users\thumm\AppData\Local\Programs\Python\Python313\Lib\site-packages\ipykernel_launcher.py","thumm","FINISHED","(1, 1, 1)","(1, 0, 1, 7)","0.2334251121528606","227"
"2025-02-04 01:20:40","10.9s","7da5e4641918400a9d86959bd47163ee","ambitious-calf-120","LOCAL","c:\Users\thumm\AppData\Local\Programs\Python\Python313\Lib\site-packages\ipykernel_launcher.py","thumm","FINISHED","(1, 1, 1)","(1, 0, 1, 7)","0.41637174225605567","226"
"2025-02-04 01:20:28","12.5s","38ef947cec794e7382658f12dd0947d7","popular-sloth-238","LOCAL","c:\Users\thumm\AppData\Local\Programs\Python\Python313\Lib\site-packages\ipykernel_launcher.py","thumm","FINISHED","(1, 1, 1)","(1, 0, 1, 7)","0.4271051156939996","225"
"2025-02-04 01:20:16","11.6s","0c0ae394a4864d2cbc76443dc67ce6db","able-swan-144","LOCAL","c:\Users\thumm\AppData\Local\Programs\Python\Python313\Lib\site-packages\ipykernel_launcher.py","thumm","FINISHED","(1, 1, 1)","(1, 0, 1, 7)","0.2436775515566883","224"
"2025-02-04 01:20:06","10.0s","96de836652b643cca823b949526afdd3","inquisitive-tern-599","LOCAL","c:\Users\thumm\AppData\Local\Programs\Python\Python313\Lib\site-packages\ipykernel_launcher.py","thumm","FINISHED","(1, 1, 1)","(1, 0, 1, 7)","0.3831665801168927","223"
"2025-02-04 01:19:57","9.4s","b5bcf61e6869488c86a880483db3f096","handsome-jay-976","LOCAL","c:\Users\thumm\AppData\Local\Programs\Python\Python313\Lib\site-packages\ipykernel_launcher.py","thumm","FINISHED","(1, 1, 1)","(1, 0, 1, 7)","0.30852081856786384","222"
"2025-02-04 01:19:46","11.1s","8381ff1a710044b280908f5d56ba7534","delicate-cub-5","LOCAL","c:\Users\thumm\AppData\Local\Programs\Python\Python313\Lib\site-packages\ipykernel_launcher.py","thumm","FINISHED","(1, 1, 1)","(1, 0, 1, 7)","0.18777991631732432","221"
"2025-02-04 01:19:34","11.4s","6231040bb98745a984c794e1ea0afa8a","exultant-doe-425","LOCAL","c:\Users\thumm\AppData\Local\Programs\Python\Python313\Lib\site-packages\ipykernel_launcher.py","thumm","FINISHED","(1, 1, 1)","(1, 0, 1, 7)","0.2008759683077924","220"
"2025-02-04 01:19:25","9.3s","c3926d4a749849dc869ca5bf5cb01cb4","stately-bug-638","LOCAL","c:\Users\thumm\AppData\Local\Programs\Python\Python313\Lib\site-packages\ipykernel_launcher.py","thumm","FINISHED","(1, 1, 1)","(1, 0, 1, 7)","0.31871114285512586","219"
"2025-02-04 01:19:16","9.1s","b19fb9d95a3f4ff497237418f431cfb3","honorable-cub-756","LOCAL","c:\Users\thumm\AppData\Local\Programs\Python\Python313\Lib\site-packages\ipykernel_launcher.py","thumm","FINISHED","(1, 1, 1)","(1, 0, 1, 7)","0.3293143208040575","218"
"2025-02-04 01:19:08","8.2s","447bbaec6e844eb4a044e285dfad5867","skittish-mouse-740","LOCAL","c:\Users\thumm\AppData\Local\Programs\Python\Python313\Lib\site-packages\ipykernel_launcher.py","thumm","FINISHED","(1, 1, 1)","(1, 0, 1, 7)","0.3490296930693244","217"
"2025-02-04 01:18:58","10.2s","818114a22de9461682ddc4e0e5d18523","handsome-carp-604","LOCAL","c:\Users\thumm\AppData\Local\Programs\Python\Python313\Lib\site-packages\ipykernel_launcher.py","thumm","FINISHED","(1, 1, 1)","(1, 0, 1, 7)","0.2416791807031163","216"
"2025-02-04 01:18:48","9.8s","3a74b5fc5d8e4cce8c3783db35d5cc78","placid-fawn-665","LOCAL","c:\Users\thumm\AppData\Local\Programs\Python\Python313\Lib\site-packages\ipykernel_launcher.py","thumm","FINISHED","(1, 1, 1)","(1, 0, 1, 7)","0.3595368393042864","215"
"2025-02-04 01:18:39","9.1s","223e0c01c4ab45e39e5684e5d26f0d54","bedecked-smelt-729","LOCAL","c:\Users\thumm\AppData\Local\Programs\Python\Python313\Lib\site-packages\ipykernel_launcher.py","thumm","FINISHED","(1, 1, 1)","(1, 0, 1, 7)","0.275792457242277","214"
"2025-02-04 01:18:29","9.6s","ec8282e0d419422f912a156cceef567f","resilient-wasp-70","LOCAL","c:\Users\thumm\AppData\Local\Programs\Python\Python313\Lib\site-packages\ipykernel_launcher.py","thumm","FINISHED","(1, 1, 1)","(1, 0, 1, 7)","0.1940287447552515","213"
"2025-02-04 01:18:20","9.0s","cba2d2e07db244b4a55fab419f2586d8","incongruous-frog-135","LOCAL","c:\Users\thumm\AppData\Local\Programs\Python\Python313\Lib\site-packages\ipykernel_launcher.py","thumm","FINISHED","(1, 1, 1)","(1, 0, 1, 7)","0.2111548585398251","212"
"2025-02-04 01:18:11","8.9s","827466b569ac4c39a6af6a67a76fe778","peaceful-vole-637","LOCAL","c:\Users\thumm\AppData\Local\Programs\Python\Python313\Lib\site-packages\ipykernel_launcher.py","thumm","FINISHED","(1, 1, 1)","(1, 0, 1, 7)","0.2895820990908332","211"
"2025-02-04 01:18:01","10.2s","d5c39314065b4a1db5e04650e12b5263","kindly-moose-920","LOCAL","c:\Users\thumm\AppData\Local\Programs\Python\Python313\Lib\site-packages\ipykernel_launcher.py","thumm","FINISHED","(1, 1, 1)","(1, 0, 1, 7)","0.2555677476723306","210"
"2025-02-04 01:17:52","9.0s","f651496dd6f04702b4a5fef0d5449408","polite-ox-228","LOCAL","c:\Users\thumm\AppData\Local\Programs\Python\Python313\Lib\site-packages\ipykernel_launcher.py","thumm","FINISHED","(1, 1, 1)","(1, 0, 1, 7)","0.3026489564701909","209"
"2025-02-04 01:17:42","9.6s","3920575861c64091b5a111967b3291a4","judicious-lynx-632","LOCAL","c:\Users\thumm\AppData\Local\Programs\Python\Python313\Lib\site-packages\ipykernel_launcher.py","thumm","FINISHED","(1, 1, 1)","(1, 0, 1, 7)","0.3870646991902066","208"
"2025-02-04 01:17:32","10.5s","bef8e32c33784183abfda7918fbe455f","agreeable-steed-751","LOCAL","c:\Users\thumm\AppData\Local\Programs\Python\Python313\Lib\site-packages\ipykernel_launcher.py","thumm","FINISHED","(1, 1, 1)","(1, 0, 1, 7)","0.21223794727877282","207"
"2025-02-04 01:17:22","10.2s","726500d8d86e4d8aa88995dee0cddd82","judicious-gnu-736","LOCAL","c:\Users\thumm\AppData\Local\Programs\Python\Python313\Lib\site-packages\ipykernel_launcher.py","thumm","FINISHED","(1, 1, 1)","(1, 0, 1, 7)","0.19453300537635895","206"
"2025-02-04 01:17:13","8.9s","b3fdcf7342f5472b9ede95299117c049","debonair-chimp-980","LOCAL","c:\Users\thumm\AppData\Local\Programs\Python\Python313\Lib\site-packages\ipykernel_launcher.py","thumm","FINISHED","(1, 1, 1)","(1, 0, 1, 7)","0.2874406253555265","205"
"2025-02-04 01:17:04","8.9s","b72ace6270f04b9cad77bb39263d968b","unequaled-ray-147","LOCAL","c:\Users\thumm\AppData\Local\Programs\Python\Python313\Lib\site-packages\ipykernel_launcher.py","thumm","FINISHED","(1, 1, 1)","(1, 0, 1, 7)","4508227689217441000","204"
"2025-02-04 01:16:54","9.2s","a6e35509d83b4dbea2cd838f95e54864","whimsical-cow-765","LOCAL","c:\Users\thumm\AppData\Local\Programs\Python\Python313\Lib\site-packages\ipykernel_launcher.py","thumm","FINISHED","(1, 1, 1)","(1, 0, 1, 7)","0.402418004160432","203"
"2025-02-04 01:16:45","9.3s","e98225a922774abcb51d0ce7675f6ce7","exultant-zebra-699","LOCAL","c:\Users\thumm\AppData\Local\Programs\Python\Python313\Lib\site-packages\ipykernel_launcher.py","thumm","FINISHED","(1, 1, 1)","(1, 0, 1, 7)","0.257851404930037","202"
"2025-02-04 01:16:34","10.8s","c3b9f21128334c61880844546b9dede3","worried-roo-778","LOCAL","c:\Users\thumm\AppData\Local\Programs\Python\Python313\Lib\site-packages\ipykernel_launcher.py","thumm","FINISHED","(1, 1, 1)","(1, 0, 1, 7)","0.2665213819297646","201"
"2025-02-04 01:16:24","9.8s","87a95c74a23a452da6920180da403f72","industrious-vole-503","LOCAL","c:\Users\thumm\AppData\Local\Programs\Python\Python313\Lib\site-packages\ipykernel_launcher.py","thumm","FINISHED","(1, 1, 1)","(1, 0, 1, 7)","0.2492153946130785","200"
"2025-02-04 01:16:15","9.6s","742cc100460049c6b95d00d9a6a9ab28","brawny-loon-960","LOCAL","c:\Users\thumm\AppData\Local\Programs\Python\Python313\Lib\site-packages\ipykernel_launcher.py","thumm","FINISHED","(1, 1, 1)","(1, 0, 1, 7)","0.1862845150386566","199"
"2025-02-04 01:16:05","9.5s","e517a0a9742248cabab009919b8a0f3e","gifted-fowl-713","LOCAL","c:\Users\thumm\AppData\Local\Programs\Python\Python313\Lib\site-packages\ipykernel_launcher.py","thumm","FINISHED","(1, 1, 1)","(1, 0, 1, 7)","0.415406912006258","198"
"2025-02-04 01:15:56","9.0s","ddcd0f4c91654a12864e1e2472018667","unequaled-robin-616","LOCAL","c:\Users\thumm\AppData\Local\Programs\Python\Python313\Lib\site-packages\ipykernel_launcher.py","thumm","FINISHED","(1, 1, 1)","(1, 0, 1, 7)","0.6895297079173676","197"
"2025-02-04 01:15:46","10.3s","2820252afbec40abadbb18dc2d16582b","abrasive-wren-926","LOCAL","c:\Users\thumm\AppData\Local\Programs\Python\Python313\Lib\site-packages\ipykernel_launcher.py","thumm","FINISHED","(1, 1, 1)","(1, 0, 1, 7)","0.2719457229929192","196"
"2025-02-04 01:15:36","9.9s","0c5af14f049c45baac4e6bfabc589e81","righteous-hare-591","LOCAL","c:\Users\thumm\AppData\Local\Programs\Python\Python313\Lib\site-packages\ipykernel_launcher.py","thumm","FINISHED","(1, 1, 1)","(1, 0, 1, 7)","0.2637390197068735","195"
"2025-02-04 01:15:27","9.2s","a14483f1064c441fabffa3d3d26bb7fe","kindly-lynx-460","LOCAL","c:\Users\thumm\AppData\Local\Programs\Python\Python313\Lib\site-packages\ipykernel_launcher.py","thumm","FINISHED","(1, 1, 1)","(1, 0, 1, 7)","0.2658870156855417","194"
"2025-02-04 01:15:17","9.6s","bbdcd582398a4df6a0f5c47673a8970e","suave-hound-562","LOCAL","c:\Users\thumm\AppData\Local\Programs\Python\Python313\Lib\site-packages\ipykernel_launcher.py","thumm","FINISHED","(1, 1, 1)","(1, 0, 1, 7)","0.2717190509897788","193"
"2025-02-04 01:15:07","10.3s","175a719341db4215a73db2fbe03c17d3","marvelous-moth-219","LOCAL","c:\Users\thumm\AppData\Local\Programs\Python\Python313\Lib\site-packages\ipykernel_launcher.py","thumm","FINISHED","(1, 1, 1)","(1, 0, 1, 7)","0.26363883909307473","192"
"2025-02-04 01:14:57","10.2s","9df44a825f6e4d09b434d0e8ed8396f5","burly-stoat-76","LOCAL","c:\Users\thumm\AppData\Local\Programs\Python\Python313\Lib\site-packages\ipykernel_launcher.py","thumm","FINISHED","(1, 1, 1)","(1, 0, 1, 7)","0.18616574120791493","191"
"2025-02-04 01:14:46","10.7s","37b44f07ad304e45abcfc709727ceead","efficient-robin-559","LOCAL","c:\Users\thumm\AppData\Local\Programs\Python\Python313\Lib\site-packages\ipykernel_launcher.py","thumm","FINISHED","(1, 1, 1)","(1, 0, 1, 7)","0.28733214797353024","190"
"2025-02-04 01:14:36","10.2s","28ae731527ea4f6cb94448eab9b84d0f","carefree-snake-437","LOCAL","c:\Users\thumm\AppData\Local\Programs\Python\Python313\Lib\site-packages\ipykernel_launcher.py","thumm","FINISHED","(1, 1, 1)","(1, 0, 1, 7)","0.2418764162343965","189"
"2025-02-04 01:14:26","10.2s","a4145bc8bd794dacb6f6cdaf4c3f2cbd","gregarious-croc-287","LOCAL","c:\Users\thumm\AppData\Local\Programs\Python\Python313\Lib\site-packages\ipykernel_launcher.py","thumm","FINISHED","(1, 1, 1)","(1, 0, 1, 7)","0.2814228514641417","188"
"2025-02-04 01:14:16","9.6s","46a2c19097cb42ffa1e28b67a387333f","bedecked-bear-176","LOCAL","c:\Users\thumm\AppData\Local\Programs\Python\Python313\Lib\site-packages\ipykernel_launcher.py","thumm","FINISHED","(1, 1, 1)","(1, 0, 1, 7)","0.46329764715785093","187"
"2025-02-04 01:14:07","9.0s","f6bc175e3657407a8425474a1901e0a5","sassy-perch-605","LOCAL","c:\Users\thumm\AppData\Local\Programs\Python\Python313\Lib\site-packages\ipykernel_launcher.py","thumm","FINISHED","(1, 1, 1)","(1, 0, 1, 7)","0.26930434470928066","186"
"2025-02-04 01:13:57","9.8s","55e85264777c46858fd2ccab62c99062","welcoming-hog-113","LOCAL","c:\Users\thumm\AppData\Local\Programs\Python\Python313\Lib\site-packages\ipykernel_launcher.py","thumm","FINISHED","(1, 1, 1)","(1, 0, 1, 7)","0.24268715920994535","185"
"2025-02-04 01:13:48","9.5s","bb62ca1a5acf44839fbd21a7d3fde313","burly-roo-284","LOCAL","c:\Users\thumm\AppData\Local\Programs\Python\Python313\Lib\site-packages\ipykernel_launcher.py","thumm","FINISHED","(1, 1, 1)","(1, 0, 1, 7)","0.2944350106748199","184"
"2025-02-04 01:13:39","8.9s","870de8ed4f4f4098bc14d9680b25ec37","dazzling-dove-141","LOCAL","c:\Users\thumm\AppData\Local\Programs\Python\Python313\Lib\site-packages\ipykernel_launcher.py","thumm","FINISHED","(1, 1, 1)","(1, 0, 1, 7)","0.2800083639326899","183"
"2025-02-04 01:13:28","10.2s","72967ce8fb0d4d3cbe7d47f6df2b548a","judicious-carp-831","LOCAL","c:\Users\thumm\AppData\Local\Programs\Python\Python313\Lib\site-packages\ipykernel_launcher.py","thumm","FINISHED","(1, 1, 1)","(1, 0, 1, 7)","0.27258003674311565","182"
"2025-02-04 01:13:19","9.3s","bfb81363d0a645fb88d2a555ea751758","melodic-moth-212","LOCAL","c:\Users\thumm\AppData\Local\Programs\Python\Python313\Lib\site-packages\ipykernel_launcher.py","thumm","FINISHED","(1, 1, 1)","(1, 0, 1, 7)","0.47784949065344395","181"
"2025-02-04 01:13:09","9.9s","67865773f5b041a58c83ecfb390872f2","capricious-conch-68","LOCAL","c:\Users\thumm\AppData\Local\Programs\Python\Python313\Lib\site-packages\ipykernel_launcher.py","thumm","FINISHED","(1, 1, 1)","(1, 0, 1, 7)","0.2560703740642972","180"
"2025-02-04 01:12:59","9.7s","8065abeb35114a69a0437bf1cbf1b189","popular-pig-706","LOCAL","c:\Users\thumm\AppData\Local\Programs\Python\Python313\Lib\site-packages\ipykernel_launcher.py","thumm","FINISHED","(1, 1, 1)","(1, 0, 1, 7)","0.32036072396411275","179"
"2025-02-04 01:12:50","9.3s","d4def32957cf4b4facd0b6a4ad625469","capricious-ape-646","LOCAL","c:\Users\thumm\AppData\Local\Programs\Python\Python313\Lib\site-packages\ipykernel_launcher.py","thumm","FINISHED","(1, 1, 1)","(1, 0, 1, 7)","0.4007082447017908","178"
"2025-02-04 01:12:40","10.0s","fb1515ac52574b938f2add353e5c41db","silent-snail-707","LOCAL","c:\Users\thumm\AppData\Local\Programs\Python\Python313\Lib\site-packages\ipykernel_launcher.py","thumm","FINISHED","(1, 1, 1)","(1, 0, 1, 7)","0.1968448214131572","177"
"2025-02-04 01:12:30","9.6s","9e85b5dddb634af4be5e45fde493e54e","youthful-trout-507","LOCAL","c:\Users\thumm\AppData\Local\Programs\Python\Python313\Lib\site-packages\ipykernel_launcher.py","thumm","FINISHED","(1, 1, 1)","(1, 0, 1, 7)","0.28236663597845735","176"
"2025-02-04 01:12:22","8.6s","fa57e54a30aa4e5193ab3771da5e04b2","serious-bird-85","LOCAL","c:\Users\thumm\AppData\Local\Programs\Python\Python313\Lib\site-packages\ipykernel_launcher.py","thumm","FINISHED","(1, 1, 1)","(1, 0, 1, 7)","0.35646498322518405","175"
"2025-02-04 01:12:12","9.6s","b695f20ccc2e4eb0a4ca4760e08ae864","capricious-hawk-763","LOCAL","c:\Users\thumm\AppData\Local\Programs\Python\Python313\Lib\site-packages\ipykernel_launcher.py","thumm","FINISHED","(1, 1, 1)","(1, 0, 1, 7)","0.2415033164364796","174"
"2025-02-04 01:12:03","9.5s","eb0de22a36384dcc8872c6965842a429","enchanting-gnu-44","LOCAL","c:\Users\thumm\AppData\Local\Programs\Python\Python313\Lib\site-packages\ipykernel_launcher.py","thumm","FINISHED","(1, 1, 1)","(1, 0, 1, 7)","0.17765686026444205","173"
"2025-02-04 01:11:54","8.8s","c180cdf3c0764f1180ec78e07155a539","trusting-shrike-202","LOCAL","c:\Users\thumm\AppData\Local\Programs\Python\Python313\Lib\site-packages\ipykernel_launcher.py","thumm","FINISHED","(1, 1, 1)","(1, 0, 1, 7)","0.24636368419310375","172"
"2025-02-04 01:11:45","8.8s","95f03a6c515a4957acbf447b6d3899da","nosy-vole-671","LOCAL","c:\Users\thumm\AppData\Local\Programs\Python\Python313\Lib\site-packages\ipykernel_launcher.py","thumm","FINISHED","(1, 1, 1)","(1, 0, 1, 7)","0.3044427680635618","171"
"2025-02-04 01:11:36","8.5s","5b7540366836468ca6be56d1518671fe","adaptable-kit-646","LOCAL","c:\Users\thumm\AppData\Local\Programs\Python\Python313\Lib\site-packages\ipykernel_launcher.py","thumm","FINISHED","(1, 1, 1)","(1, 0, 1, 7)","0.3277049083725234","170"
"2025-02-04 01:11:27","9.5s","7810b91581734d75923f7620b4f7f6d3","amusing-lynx-276","LOCAL","c:\Users\thumm\AppData\Local\Programs\Python\Python313\Lib\site-packages\ipykernel_launcher.py","thumm","FINISHED","(1, 1, 1)","(1, 0, 1, 7)","0.23358377819405332","169"
"2025-02-04 01:11:18","9.4s","c932c7ea9e724b0e9154e1a435050291","omniscient-snipe-705","LOCAL","c:\Users\thumm\AppData\Local\Programs\Python\Python313\Lib\site-packages\ipykernel_launcher.py","thumm","FINISHED","(1, 1, 1)","(1, 0, 1, 7)","0.2905973829320467","168"
"2025-02-04 01:11:08","9.2s","8233c712bb1e4b5ca9352159d0a1133d","dazzling-perch-979","LOCAL","c:\Users\thumm\AppData\Local\Programs\Python\Python313\Lib\site-packages\ipykernel_launcher.py","thumm","FINISHED","(1, 1, 1)","(1, 0, 1, 7)","0.33226145135462104","167"
"2025-02-04 01:10:59","9.6s","9a93bb38e3454eb4be159d3c85ed6a3b","gregarious-loon-725","LOCAL","c:\Users\thumm\AppData\Local\Programs\Python\Python313\Lib\site-packages\ipykernel_launcher.py","thumm","FINISHED","(1, 1, 1)","(1, 0, 1, 7)","0.29928988711702426","166"
"2025-02-04 01:10:50","9.1s","aaa7915d02e44568838df4ae93276d3d","sassy-kite-963","LOCAL","c:\Users\thumm\AppData\Local\Programs\Python\Python313\Lib\site-packages\ipykernel_launcher.py","thumm","FINISHED","(1, 1, 1)","(1, 0, 1, 7)","0.24554039039501785","165"
"2025-02-04 01:10:41","8.7s","405fb6ca6e58404ab39624f3b8c092f1","fun-vole-17","LOCAL","c:\Users\thumm\AppData\Local\Programs\Python\Python313\Lib\site-packages\ipykernel_launcher.py","thumm","FINISHED","(1, 1, 1)","(1, 0, 1, 7)","0.3214098655636779","164"
"2025-02-04 01:10:30","10.4s","02fe3b942ab644ee9ade76d2c8974424","amusing-stag-359","LOCAL","c:\Users\thumm\AppData\Local\Programs\Python\Python313\Lib\site-packages\ipykernel_launcher.py","thumm","FINISHED","(1, 1, 1)","(1, 0, 1, 7)","0.26513520542079966","163"
"2025-02-04 01:10:22","8.2s","985d6238b85143cea8a5dea75a224875","agreeable-crow-212","LOCAL","c:\Users\thumm\AppData\Local\Programs\Python\Python313\Lib\site-packages\ipykernel_launcher.py","thumm","FINISHED","(1, 1, 1)","(1, 0, 1, 7)","0.2955558623954956","162"
"2025-02-04 01:10:13","9.1s","b0d54f70e8af45ad97295f573c0b25e8","adorable-penguin-316","LOCAL","c:\Users\thumm\AppData\Local\Programs\Python\Python313\Lib\site-packages\ipykernel_launcher.py","thumm","FINISHED","(1, 1, 1)","(1, 0, 1, 7)","0.3592755621559022","161"
"2025-02-04 01:10:04","9.3s","411bebb50f1645509aecaf3379fe8d06","colorful-lamb-320","LOCAL","c:\Users\thumm\AppData\Local\Programs\Python\Python313\Lib\site-packages\ipykernel_launcher.py","thumm","FINISHED","(1, 1, 1)","(1, 0, 1, 7)","0.18478161010751196","160"
"2025-02-04 01:09:54","9.6s","8354f9d49cfa4f0fafee2d26a4ed93b5","awesome-donkey-428","LOCAL","c:\Users\thumm\AppData\Local\Programs\Python\Python313\Lib\site-packages\ipykernel_launcher.py","thumm","FINISHED","(1, 1, 1)","(1, 0, 1, 7)","0.2126870596357822","159"
"2025-02-04 01:09:44","10.6s","01ddf0610e974b3e934192576139f334","tasteful-mink-836","LOCAL","c:\Users\thumm\AppData\Local\Programs\Python\Python313\Lib\site-packages\ipykernel_launcher.py","thumm","FINISHED","(1, 1, 1)","(1, 0, 1, 7)","0.21323823086049784","158"
"2025-02-04 01:09:34","10.0s","7f760bfb1c7a4a9b962e1730c47dec12","luminous-lark-693","LOCAL","c:\Users\thumm\AppData\Local\Programs\Python\Python313\Lib\site-packages\ipykernel_launcher.py","thumm","FINISHED","(1, 1, 1)","(1, 0, 1, 7)","0.16591498726002138","157"
"2025-02-04 01:09:25","9.1s","c3ee3ef986d742cebb911921a23c2ff3","upbeat-quail-65","LOCAL","c:\Users\thumm\AppData\Local\Programs\Python\Python313\Lib\site-packages\ipykernel_launcher.py","thumm","FINISHED","(1, 1, 1)","(1, 0, 1, 7)","0.4915081371085667","156"
"2025-02-04 01:09:15","10.0s","e2d350e4762d433e84a84aa14ed6c4ad","abrasive-mare-869","LOCAL","c:\Users\thumm\AppData\Local\Programs\Python\Python313\Lib\site-packages\ipykernel_launcher.py","thumm","FINISHED","(1, 1, 1)","(1, 0, 1, 7)","0.25533813468765243","155"
"2025-02-04 01:09:06","8.6s","b38f70eecc954c9dab309e5140ddd892","glamorous-bat-248","LOCAL","c:\Users\thumm\AppData\Local\Programs\Python\Python313\Lib\site-packages\ipykernel_launcher.py","thumm","FINISHED","(1, 1, 1)","(1, 0, 1, 7)","0.5037237022598503","154"
"2025-02-04 01:08:57","9.2s","40f448e2a6784abdbd2fcf7fecdf34dc","nosy-gnat-623","LOCAL","c:\Users\thumm\AppData\Local\Programs\Python\Python313\Lib\site-packages\ipykernel_launcher.py","thumm","FINISHED","(1, 1, 1)","(1, 0, 1, 7)","0.3066560542162267","153"
"2025-02-04 01:08:47","9.3s","5c9b3bf3d799469aa4e4314502685132","blushing-steed-284","LOCAL","c:\Users\thumm\AppData\Local\Programs\Python\Python313\Lib\site-packages\ipykernel_launcher.py","thumm","FINISHED","(1, 1, 1)","(1, 0, 1, 7)","0.24566852291882155","152"
"2025-02-04 01:08:38","9.3s","c7274c4a688642e484d40b604eccc7bb","handsome-slug-408","LOCAL","c:\Users\thumm\AppData\Local\Programs\Python\Python313\Lib\site-packages\ipykernel_launcher.py","thumm","FINISHED","(1, 1, 1)","(1, 0, 1, 7)","0.22516757029183976","151"
"2025-02-04 01:08:29","9.0s","196375e1b3794f8590eaac3fd42dc110","capable-wolf-244","LOCAL","c:\Users\thumm\AppData\Local\Programs\Python\Python313\Lib\site-packages\ipykernel_launcher.py","thumm","FINISHED","(1, 1, 1)","(1, 0, 1, 7)","0.3332095038977555","150"
"2025-02-04 01:08:20","9.1s","e8a9ad424828406db9e334d0af71a9c2","big-sow-892","LOCAL","c:\Users\thumm\AppData\Local\Programs\Python\Python313\Lib\site-packages\ipykernel_launcher.py","thumm","FINISHED","(1, 1, 1)","(1, 0, 1, 7)","0.3486473881719535","149"
"2025-02-04 01:08:10","10.1s","47fd254fe9a14bb1b1af3de0f8f5497b","nervous-shark-497","LOCAL","c:\Users\thumm\AppData\Local\Programs\Python\Python313\Lib\site-packages\ipykernel_launcher.py","thumm","FINISHED","(1, 1, 1)","(1, 0, 1, 7)","0.2361105308952902","148"
"2025-02-04 01:08:00","9.5s","024000ed0bc447738dfbe38dafdbea60","capable-wren-545","LOCAL","c:\Users\thumm\AppData\Local\Programs\Python\Python313\Lib\site-packages\ipykernel_launcher.py","thumm","FINISHED","(1, 1, 1)","(1, 0, 1, 7)","0.2724012100758727","147"
"2025-02-04 01:07:51","9.0s","7b855bb411b44a75931d6067796a99ba","adventurous-gull-921","LOCAL","c:\Users\thumm\AppData\Local\Programs\Python\Python313\Lib\site-packages\ipykernel_launcher.py","thumm","FINISHED","(1, 1, 1)","(1, 0, 1, 7)","0.29631884603238956","146"
"2025-02-04 01:07:42","9.1s","221a2e7abb68401b926b39a276623d07","ambitious-calf-732","LOCAL","c:\Users\thumm\AppData\Local\Programs\Python\Python313\Lib\site-packages\ipykernel_launcher.py","thumm","FINISHED","(1, 1, 1)","(1, 0, 1, 7)","0.3675515506497418","145"
"2025-02-04 01:07:33","8.9s","0e61413fcfeb47f781cacf40561c0a35","chill-wasp-859","LOCAL","c:\Users\thumm\AppData\Local\Programs\Python\Python313\Lib\site-packages\ipykernel_launcher.py","thumm","FINISHED","(1, 1, 1)","(1, 0, 1, 7)","0.32574304830792716","144"
"2025-02-04 01:07:23","10.7s","314d2114fe2244d5b4a2f2ee134b05c1","likeable-horse-221","LOCAL","c:\Users\thumm\AppData\Local\Programs\Python\Python313\Lib\site-packages\ipykernel_launcher.py","thumm","FINISHED","(1, 1, 1)","(1, 0, 1, 7)","0.22058716122390248","143"
"2025-02-04 01:07:12","10.4s","0deb077417d94f4ead6911eb63d261f1","loud-shrike-517","LOCAL","c:\Users\thumm\AppData\Local\Programs\Python\Python313\Lib\site-packages\ipykernel_launcher.py","thumm","FINISHED","(1, 1, 1)","(1, 0, 1, 7)","0.2406514811932755","142"
"2025-02-04 01:07:02","9.8s","92ac516d8ffe466ebbe2957d0383d864","valuable-ape-682","LOCAL","c:\Users\thumm\AppData\Local\Programs\Python\Python313\Lib\site-packages\ipykernel_launcher.py","thumm","FINISHED","(1, 1, 1)","(1, 0, 1, 7)","0.22091690440633244","141"
"2025-02-04 01:06:53","9.3s","c0d5b13589c5465fa17eb14abdab978d","masked-wasp-115","LOCAL","c:\Users\thumm\AppData\Local\Programs\Python\Python313\Lib\site-packages\ipykernel_launcher.py","thumm","FINISHED","(1, 1, 1)","(1, 0, 1, 7)","0.31756741557165596","140"
"2025-02-04 01:06:43","10.1s","71099a2891d04387af0ec1c0e00b3481","popular-rook-309","LOCAL","c:\Users\thumm\AppData\Local\Programs\Python\Python313\Lib\site-packages\ipykernel_launcher.py","thumm","FINISHED","(1, 1, 1)","(1, 0, 1, 7)","0.39005017849899304","139"
"2025-02-04 01:06:33","9.8s","b61e5029c3a24f46a4c0bad2b0976c3a","burly-foal-252","LOCAL","c:\Users\thumm\AppData\Local\Programs\Python\Python313\Lib\site-packages\ipykernel_launcher.py","thumm","FINISHED","(1, 1, 1)","(1, 0, 1, 7)","0.39163045700572946","138"
"2025-02-04 01:06:24","8.8s","8a466bb9cdd347ce8759aee9783425c0","vaunted-bug-423","LOCAL","c:\Users\thumm\AppData\Local\Programs\Python\Python313\Lib\site-packages\ipykernel_launcher.py","thumm","FINISHED","(1, 1, 1)","(1, 0, 1, 7)","0.31185466310038085","137"
"2025-02-04 01:06:14","9.8s","e942fdb1f03f41069f00b7e6359acf06","selective-hare-119","LOCAL","c:\Users\thumm\AppData\Local\Programs\Python\Python313\Lib\site-packages\ipykernel_launcher.py","thumm","FINISHED","(1, 1, 1)","(1, 0, 1, 7)","0.253446670856953","136"
"2025-02-04 01:06:05","9.3s","16b026669b544ada8d5b333ad305c715","placid-shrew-783","LOCAL","c:\Users\thumm\AppData\Local\Programs\Python\Python313\Lib\site-packages\ipykernel_launcher.py","thumm","FINISHED","(1, 1, 1)","(1, 0, 1, 7)","0.3001372092265156","135"
"2025-02-04 01:05:56","9.2s","8f5c30b4b4504fc98f57dd9e4dea32ca","casual-bat-258","LOCAL","c:\Users\thumm\AppData\Local\Programs\Python\Python313\Lib\site-packages\ipykernel_launcher.py","thumm","FINISHED","(1, 1, 1)","(1, 0, 1, 7)","0.3402551160229303","134"
"2025-02-04 01:05:46","9.7s","1b379c0bed194a5b95209bc53a81dc71","intrigued-chimp-565","LOCAL","c:\Users\thumm\AppData\Local\Programs\Python\Python313\Lib\site-packages\ipykernel_launcher.py","thumm","FINISHED","(1, 1, 1)","(1, 0, 1, 7)","0.3272413611283754","133"
"2025-02-04 01:05:37","8.8s","2a2637d4be9445bfac71766e3d784a0e","dapper-stork-702","LOCAL","c:\Users\thumm\AppData\Local\Programs\Python\Python313\Lib\site-packages\ipykernel_launcher.py","thumm","FINISHED","(1, 1, 1)","(1, 0, 1, 7)","0.4424200751541524","132"
"2025-02-04 01:05:28","9.4s","f5862b1dc6694005b0e243bc0b3c3714","bouncy-tern-949","LOCAL","c:\Users\thumm\AppData\Local\Programs\Python\Python313\Lib\site-packages\ipykernel_launcher.py","thumm","FINISHED","(1, 1, 1)","(1, 0, 1, 7)","0.31730054723588175","131"
"2025-02-04 01:05:18","9.8s","19515b3af1bf4060b220ec5fb6f013a3","big-deer-699","LOCAL","c:\Users\thumm\AppData\Local\Programs\Python\Python313\Lib\site-packages\ipykernel_launcher.py","thumm","FINISHED","(1, 1, 1)","(1, 0, 1, 7)","0.20652596664876893","130"
"2025-02-04 01:05:10","8.6s","47e41e9de8604e8eb733f49b3bd58f82","traveling-ape-968","LOCAL","c:\Users\thumm\AppData\Local\Programs\Python\Python313\Lib\site-packages\ipykernel_launcher.py","thumm","FINISHED","(1, 1, 1)","(1, 0, 1, 7)","0.34976490353613265","129"
"2025-02-04 01:05:00","9.4s","3248ec7804364297b8d6efc4750b648c","stylish-steed-600","LOCAL","c:\Users\thumm\AppData\Local\Programs\Python\Python313\Lib\site-packages\ipykernel_launcher.py","thumm","FINISHED","(1, 1, 1)","(1, 0, 1, 7)","0.2779841381730432","128"
"2025-02-04 01:04:51","8.9s","b3cd8638667d4b16b84008446c07e26f","kindly-ape-95","LOCAL","c:\Users\thumm\AppData\Local\Programs\Python\Python313\Lib\site-packages\ipykernel_launcher.py","thumm","FINISHED","(1, 1, 1)","(1, 0, 1, 7)","0.3026003802678848","127"
"2025-02-04 01:04:42","9.1s","9de9be1c377442a4be1b27d0612db4c3","salty-frog-117","LOCAL","c:\Users\thumm\AppData\Local\Programs\Python\Python313\Lib\site-packages\ipykernel_launcher.py","thumm","FINISHED","(1, 1, 1)","(1, 0, 1, 7)","0.26769585596039386","126"
"2025-02-04 01:04:32","10.0s","50e46e43938d453ebec244660c942644","nebulous-ram-525","LOCAL","c:\Users\thumm\AppData\Local\Programs\Python\Python313\Lib\site-packages\ipykernel_launcher.py","thumm","FINISHED","(1, 1, 1)","(1, 0, 1, 7)","0.2734905861030526","125"
"2025-02-04 01:04:23","9.1s","4ff794bcce1c42e8a9ff710656286157","adorable-wren-393","LOCAL","c:\Users\thumm\AppData\Local\Programs\Python\Python313\Lib\site-packages\ipykernel_launcher.py","thumm","FINISHED","(1, 1, 1)","(1, 0, 1, 7)","0.4316640980981961","124"
"2025-02-04 01:04:13","9.5s","82614f72264b4470bf5020c0c062ef96","delicate-bug-292","LOCAL","c:\Users\thumm\AppData\Local\Programs\Python\Python313\Lib\site-packages\ipykernel_launcher.py","thumm","FINISHED","(1, 1, 1)","(1, 0, 1, 7)","0.2771492723149799","123"
"2025-02-04 01:04:04","9.3s","d9f79ae2435a4c54869328d4101d13cc","zealous-bear-981","LOCAL","c:\Users\thumm\AppData\Local\Programs\Python\Python313\Lib\site-packages\ipykernel_launcher.py","thumm","FINISHED","(1, 1, 1)","(1, 0, 1, 7)","0.31857647644786735","122"
"2025-02-04 01:03:55","9.6s","88880f6669bc41898ae8691f9b58b83a","gaudy-bird-826","LOCAL","c:\Users\thumm\AppData\Local\Programs\Python\Python313\Lib\site-packages\ipykernel_launcher.py","thumm","FINISHED","(1, 1, 1)","(1, 0, 1, 7)","0.2687227379483078","121"
"2025-02-04 01:03:45","9.7s","1be381ce7f46462d9794ee53bf97efec","enchanting-dove-36","LOCAL","c:\Users\thumm\AppData\Local\Programs\Python\Python313\Lib\site-packages\ipykernel_launcher.py","thumm","FINISHED","(1, 1, 1)","(1, 0, 1, 7)","0.3363590174283249","120"
"2025-02-04 01:03:35","9.5s","84b193c7895f4baba9acb9bd2727337e","burly-croc-494","LOCAL","c:\Users\thumm\AppData\Local\Programs\Python\Python313\Lib\site-packages\ipykernel_launcher.py","thumm","FINISHED","(1, 1, 1)","(1, 0, 1, 7)","0.3014420937000427","119"
"2025-02-04 01:03:26","9.4s","2eeb8351f7414d26ad66377f956293b0","secretive-cat-281","LOCAL","c:\Users\thumm\AppData\Local\Programs\Python\Python313\Lib\site-packages\ipykernel_launcher.py","thumm","FINISHED","(1, 1, 1)","(1, 0, 1, 7)","0.22144593272143046","118"
"2025-02-04 01:03:15","10.5s","67946c5437d447e38a5586e215e435d6","auspicious-loon-206","LOCAL","c:\Users\thumm\AppData\Local\Programs\Python\Python313\Lib\site-packages\ipykernel_launcher.py","thumm","FINISHED","(1, 1, 1)","(1, 0, 1, 7)","0.2621413354137846","117"
"2025-02-04 01:03:06","9.6s","15d9afa0b2544f74b12b930737b38391","salty-bug-69","LOCAL","c:\Users\thumm\AppData\Local\Programs\Python\Python313\Lib\site-packages\ipykernel_launcher.py","thumm","FINISHED","(1, 1, 1)","(1, 0, 1, 7)","0.23331899383794352","116"
"2025-02-04 01:02:56","9.7s","3e9095b9def34b5c9886868b1695ed47","nimble-elk-450","LOCAL","c:\Users\thumm\AppData\Local\Programs\Python\Python313\Lib\site-packages\ipykernel_launcher.py","thumm","FINISHED","(1, 1, 1)","(1, 0, 1, 7)","0.30847796117030957","115"
"2025-02-04 01:02:47","9.5s","36689424111746b08c1a29078aa36559","mercurial-fly-584","LOCAL","c:\Users\thumm\AppData\Local\Programs\Python\Python313\Lib\site-packages\ipykernel_launcher.py","thumm","FINISHED","(1, 1, 1)","(1, 0, 1, 7)","0.3177560611406522","114"
"2025-02-04 01:02:36","10.8s","6c7abac8b150457bb36445a45d467bf6","useful-steed-415","LOCAL","c:\Users\thumm\AppData\Local\Programs\Python\Python313\Lib\site-packages\ipykernel_launcher.py","thumm","FINISHED","(1, 1, 1)","(1, 0, 1, 7)","0.2543537027352424","113"
"2025-02-04 01:02:26","9.4s","aab0b20cb58c414f994eb90a0f7d3e0f","delightful-shrew-865","LOCAL","c:\Users\thumm\AppData\Local\Programs\Python\Python313\Lib\site-packages\ipykernel_launcher.py","thumm","FINISHED","(1, 1, 1)","(1, 0, 1, 7)","0.23054359350757048","112"
"2025-02-04 01:02:17","9.3s","570970311af441a9b0578d6805070f99","puzzled-cod-352","LOCAL","c:\Users\thumm\AppData\Local\Programs\Python\Python313\Lib\site-packages\ipykernel_launcher.py","thumm","FINISHED","(1, 1, 1)","(1, 0, 1, 7)","0.30449305418502476","111"
"2025-02-04 01:02:08","9.4s","3539e95c3e2b448eb0a2093dcf61ffad","puzzled-shad-367","LOCAL","c:\Users\thumm\AppData\Local\Programs\Python\Python313\Lib\site-packages\ipykernel_launcher.py","thumm","FINISHED","(1, 1, 1)","(1, 0, 1, 7)","0.30455578702143166","110"
"2025-02-04 01:01:58","9.2s","8aacf11a4c1d4609afd1a187598e3320","amazing-deer-588","LOCAL","c:\Users\thumm\AppData\Local\Programs\Python\Python313\Lib\site-packages\ipykernel_launcher.py","thumm","FINISHED","(1, 1, 1)","(1, 0, 1, 7)","0.2968058337898556","109"
"2025-02-04 01:01:49","8.9s","a451c67c1b4c4a5e9f3dc0211a724aef","mercurial-midge-495","LOCAL","c:\Users\thumm\AppData\Local\Programs\Python\Python313\Lib\site-packages\ipykernel_launcher.py","thumm","FINISHED","(1, 1, 1)","(1, 0, 1, 7)","0.23400798154258198","108"
"2025-02-04 01:01:41","9.0s","6555f5f3568a421bb53594b296487460","adorable-snipe-293","LOCAL","c:\Users\thumm\AppData\Local\Programs\Python\Python313\Lib\site-packages\ipykernel_launcher.py","thumm","FINISHED","(1, 1, 1)","(1, 0, 1, 7)","0.52682692122995","107"
"2025-02-04 01:01:31","9.4s","646fdf0b8c4143f7a30bb89a79dda7b0","legendary-horse-676","LOCAL","c:\Users\thumm\AppData\Local\Programs\Python\Python313\Lib\site-packages\ipykernel_launcher.py","thumm","FINISHED","(1, 1, 1)","(1, 0, 1, 7)","0.3414532050717546","106"
"2025-02-04 01:01:22","8.8s","62facca4877a474daf33af9b695e2084","dapper-elk-39","LOCAL","c:\Users\thumm\AppData\Local\Programs\Python\Python313\Lib\site-packages\ipykernel_launcher.py","thumm","FINISHED","(1, 1, 1)","(1, 0, 1, 7)","0.2663383351895115","105"
"2025-02-04 01:01:12","10.0s","c333fb19df314d3f8099ee52a494f996","fearless-grub-734","LOCAL","c:\Users\thumm\AppData\Local\Programs\Python\Python313\Lib\site-packages\ipykernel_launcher.py","thumm","FINISHED","(1, 1, 1)","(1, 0, 1, 7)","0.24443119294406937","104"
"2025-02-04 01:01:03","9.3s","f74d6750a52d407db52c31cf0a3456a6","zealous-crane-619","LOCAL","c:\Users\thumm\AppData\Local\Programs\Python\Python313\Lib\site-packages\ipykernel_launcher.py","thumm","FINISHED","(1, 1, 1)","(1, 0, 1, 7)","0.28098000262832074","103"
"2025-02-04 01:00:54","9.3s","684f1548a8cd48128eb9fd04d5dd33f1","wistful-midge-444","LOCAL","c:\Users\thumm\AppData\Local\Programs\Python\Python313\Lib\site-packages\ipykernel_launcher.py","thumm","FINISHED","(1, 1, 1)","(1, 0, 1, 7)","0.2742530458110593","102"
"2025-02-04 01:00:44","9.1s","2325b3d3f93b434393dfc724e38c5ad1","funny-shrew-897","LOCAL","c:\Users\thumm\AppData\Local\Programs\Python\Python313\Lib\site-packages\ipykernel_launcher.py","thumm","FINISHED","(1, 1, 1)","(1, 0, 1, 7)","0.24689759445244192","101"
"2025-02-04 01:00:35","9.8s","6537ce36756c442abc5f5570a1067c3e","clean-ape-730","LOCAL","c:\Users\thumm\AppData\Local\Programs\Python\Python313\Lib\site-packages\ipykernel_launcher.py","thumm","FINISHED","(1, 1, 1)","(1, 0, 1, 7)","0.2894757744775313","100"
"2025-02-04 01:00:25","9.2s","3dbd1de643824697ab019392a191caa0","persistent-sloth-684","LOCAL","c:\Users\thumm\AppData\Local\Programs\Python\Python313\Lib\site-packages\ipykernel_launcher.py","thumm","FINISHED","(1, 1, 1)","(1, 0, 1, 7)","0.2772129321253251","99"
"2025-02-04 01:00:15","10.1s","f773085e5938448ea6ad6201fb4e1706","fun-stork-530","LOCAL","c:\Users\thumm\AppData\Local\Programs\Python\Python313\Lib\site-packages\ipykernel_launcher.py","thumm","FINISHED","(1, 1, 1)","(1, 0, 1, 7)","0.3385893200858724","98"
"2025-02-04 01:00:06","9.5s","a5c41399c09f4fff899edf3e5bb6e2ad","puzzled-owl-313","LOCAL","c:\Users\thumm\AppData\Local\Programs\Python\Python313\Lib\site-packages\ipykernel_launcher.py","thumm","FINISHED","(1, 1, 1)","(1, 0, 1, 7)","0.2321184230966601","97"
"2025-02-04 00:59:57","8.9s","7d3ff3f2a74044a382df0c33f03c44e8","languid-shrimp-622","LOCAL","c:\Users\thumm\AppData\Local\Programs\Python\Python313\Lib\site-packages\ipykernel_launcher.py","thumm","FINISHED","(1, 1, 1)","(1, 0, 1, 7)","0.2973906442503508","96"
"2025-02-04 00:59:47","9.9s","c6be0d3312be41dab29eeb19f90e1b88","defiant-mule-948","LOCAL","c:\Users\thumm\AppData\Local\Programs\Python\Python313\Lib\site-packages\ipykernel_launcher.py","thumm","FINISHED","(1, 1, 1)","(1, 0, 1, 7)","0.2849366835233956","95"
"2025-02-04 00:59:38","9.3s","ae428299c6ee445e9bb92326a90da18c","bouncy-quail-551","LOCAL","c:\Users\thumm\AppData\Local\Programs\Python\Python313\Lib\site-packages\ipykernel_launcher.py","thumm","FINISHED","(1, 1, 1)","(1, 0, 1, 7)","0.18068722599751372","94"
"2025-02-04 00:59:28","9.2s","5e9c56539c4942b9ac540831939d62e1","bald-quail-928","LOCAL","c:\Users\thumm\AppData\Local\Programs\Python\Python313\Lib\site-packages\ipykernel_launcher.py","thumm","FINISHED","(1, 1, 1)","(1, 0, 1, 7)","0.24235350597322025","93"
"2025-02-04 00:59:20","8.9s","4d59e0b1877645b89646cae9663e0b48","invincible-duck-870","LOCAL","c:\Users\thumm\AppData\Local\Programs\Python\Python313\Lib\site-packages\ipykernel_launcher.py","thumm","FINISHED","(1, 1, 1)","(1, 0, 1, 7)","0.3483041037433647","92"
"2025-02-04 00:59:10","9.4s","a53d84966cd043d1bfec4152ad08a23d","adventurous-elk-376","LOCAL","c:\Users\thumm\AppData\Local\Programs\Python\Python313\Lib\site-packages\ipykernel_launcher.py","thumm","FINISHED","(1, 1, 1)","(1, 0, 1, 7)","0.24806952431017842","91"
"2025-02-04 00:59:01","9.3s","a4705dfbc476436184ba537945fb36b0","polite-sow-737","LOCAL","c:\Users\thumm\AppData\Local\Programs\Python\Python313\Lib\site-packages\ipykernel_launcher.py","thumm","FINISHED","(1, 1, 1)","(1, 0, 1, 7)","0.36232761244935763","90"
"2025-02-04 00:58:52","9.1s","e53f0416eda84016a84072801762ed51","clean-crab-536","LOCAL","c:\Users\thumm\AppData\Local\Programs\Python\Python313\Lib\site-packages\ipykernel_launcher.py","thumm","FINISHED","(1, 1, 1)","(1, 0, 1, 7)","0.3445425756410442","89"
"2025-02-04 00:58:41","10.4s","e3880d5a74e7480499a6275ed0024ca8","spiffy-kite-234","LOCAL","c:\Users\thumm\AppData\Local\Programs\Python\Python313\Lib\site-packages\ipykernel_launcher.py","thumm","FINISHED","(1, 1, 1)","(1, 0, 1, 7)","0.2835526701363127","88"
"2025-02-04 00:58:32","8.8s","c36dd9a37f2c47d7839a24388ee8e9cd","funny-mule-814","LOCAL","c:\Users\thumm\AppData\Local\Programs\Python\Python313\Lib\site-packages\ipykernel_launcher.py","thumm","FINISHED","(1, 1, 1)","(1, 0, 1, 7)","0.41700225522459944","87"
"2025-02-04 00:58:24","8.7s","f5807a504836404e80018164bda311cd","sassy-elk-434","LOCAL","c:\Users\thumm\AppData\Local\Programs\Python\Python313\Lib\site-packages\ipykernel_launcher.py","thumm","FINISHED","(1, 1, 1)","(1, 0, 1, 7)","0.1836316301852491","86"
"2025-02-04 00:58:14","10.0s","b996e71a46214cc6a5dd8d98fd4d21e9","rare-deer-994","LOCAL","c:\Users\thumm\AppData\Local\Programs\Python\Python313\Lib\site-packages\ipykernel_launcher.py","thumm","FINISHED","(1, 1, 1)","(1, 0, 1, 7)","0.29735883778699596","85"
"2025-02-04 00:58:04","9.9s","4092883c190c4f44b2eeab32fbce8b3b","clumsy-kit-817","LOCAL","c:\Users\thumm\AppData\Local\Programs\Python\Python313\Lib\site-packages\ipykernel_launcher.py","thumm","FINISHED","(1, 1, 1)","(1, 0, 1, 7)","0.24889815321670852","84"
"2025-02-04 00:57:54","9.5s","e42daac936584b2e9433c9ce8e1b8926","useful-goose-338","LOCAL","c:\Users\thumm\AppData\Local\Programs\Python\Python313\Lib\site-packages\ipykernel_launcher.py","thumm","FINISHED","(1, 1, 1)","(1, 0, 1, 7)","0.32257610806712067","83"
"2025-02-04 00:57:45","9.3s","c4df6bc942a746c393f9e9e0c73ad2ef","intrigued-quail-636","LOCAL","c:\Users\thumm\AppData\Local\Programs\Python\Python313\Lib\site-packages\ipykernel_launcher.py","thumm","FINISHED","(1, 1, 1)","(1, 0, 1, 7)","0.284501258956627","82"
"2025-02-04 00:57:36","9.1s","85ab73be59f34129a4a1cb500b2ad7ed","gaudy-mule-653","LOCAL","c:\Users\thumm\AppData\Local\Programs\Python\Python313\Lib\site-packages\ipykernel_launcher.py","thumm","FINISHED","(1, 1, 1)","(1, 0, 1, 7)","0.3055232454503863","81"
"2025-02-04 00:57:26","9.5s","414523fae00e400bb5a2a2822c3ba6a0","placid-ox-19","LOCAL","c:\Users\thumm\AppData\Local\Programs\Python\Python313\Lib\site-packages\ipykernel_launcher.py","thumm","FINISHED","(1, 1, 1)","(1, 0, 1, 7)","0.3183012504929175","80"
"2025-02-04 00:57:17","9.6s","e48c768dc97044e3b9e31eef2848d7dc","intrigued-sow-832","LOCAL","c:\Users\thumm\AppData\Local\Programs\Python\Python313\Lib\site-packages\ipykernel_launcher.py","thumm","FINISHED","(1, 1, 1)","(1, 0, 1, 7)","0.38761924091658345","79"
"2025-02-04 00:57:08","8.7s","f25bd16ab67a463f9699a1fe1e7f1fca","nervous-rook-92","LOCAL","c:\Users\thumm\AppData\Local\Programs\Python\Python313\Lib\site-packages\ipykernel_launcher.py","thumm","FINISHED","(1, 1, 1)","(1, 0, 1, 7)","0.3388697002894592","78"
"2025-02-04 00:56:58","9.7s","d801c83dc6f845f8837347c2602318db","aged-worm-113","LOCAL","c:\Users\thumm\AppData\Local\Programs\Python\Python313\Lib\site-packages\ipykernel_launcher.py","thumm","FINISHED","(1, 1, 1)","(1, 0, 1, 7)","0.3407015448818878","77"
"2025-02-04 00:56:49","9.3s","95b08e45591b43d698ef4182435e413c","kindly-stoat-619","LOCAL","c:\Users\thumm\AppData\Local\Programs\Python\Python313\Lib\site-packages\ipykernel_launcher.py","thumm","FINISHED","(1, 1, 1)","(1, 0, 1, 7)","0.28231887846759035","76"
"2025-02-04 00:56:40","9.4s","cb106af9d916465bb0e89eb6d8dca218","able-penguin-279","LOCAL","c:\Users\thumm\AppData\Local\Programs\Python\Python313\Lib\site-packages\ipykernel_launcher.py","thumm","FINISHED","(1, 1, 1)","(1, 0, 1, 7)","0.28546706866516935","75"
"2025-02-04 00:56:30","9.4s","ac9f58682383418cb3dacd3cace049a7","unleashed-hawk-216","LOCAL","c:\Users\thumm\AppData\Local\Programs\Python\Python313\Lib\site-packages\ipykernel_launcher.py","thumm","FINISHED","(1, 1, 1)","(1, 0, 1, 7)","0.29201706523506415","74"
"2025-02-04 00:56:21","9.5s","4c452fee63b945f0b3f6d5546acd096c","rebellious-crow-418","LOCAL","c:\Users\thumm\AppData\Local\Programs\Python\Python313\Lib\site-packages\ipykernel_launcher.py","thumm","FINISHED","(1, 1, 1)","(1, 0, 1, 7)","0.2867228689334459","73"
"2025-02-04 00:56:12","8.8s","e3d94f1af82f4e73b25621859b6307c4","big-trout-832","LOCAL","c:\Users\thumm\AppData\Local\Programs\Python\Python313\Lib\site-packages\ipykernel_launcher.py","thumm","FINISHED","(1, 1, 1)","(1, 0, 1, 7)","0.2648553432749494","72"
"2025-02-04 00:56:02","9.4s","7d63ff1028cf4a96bb25e6dbe0a26df8","respected-duck-539","LOCAL","c:\Users\thumm\AppData\Local\Programs\Python\Python313\Lib\site-packages\ipykernel_launcher.py","thumm","FINISHED","(1, 1, 1)","(1, 0, 1, 7)","0.3187977344962122","71"
"2025-02-04 00:55:51","11.3s","658a79dce6dc4d31adf988eb30ae7e2a","brawny-loon-558","LOCAL","c:\Users\thumm\AppData\Local\Programs\Python\Python313\Lib\site-packages\ipykernel_launcher.py","thumm","FINISHED","(1, 1, 1)","(1, 0, 1, 7)","0.670834968671869","70"
"2025-02-04 00:55:41","10.3s","075a1da7fa694461b80688cc14630c81","amazing-gnat-925","LOCAL","c:\Users\thumm\AppData\Local\Programs\Python\Python313\Lib\site-packages\ipykernel_launcher.py","thumm","FINISHED","(1, 1, 1)","(1, 0, 1, 7)","0.1934390501938387","69"
"2025-02-04 00:55:30","10.5s","3f97095403954280a3d1e171dbd1a4f3","bold-bird-435","LOCAL","c:\Users\thumm\AppData\Local\Programs\Python\Python313\Lib\site-packages\ipykernel_launcher.py","thumm","FINISHED","(1, 1, 1)","(1, 0, 1, 7)","0.29596512691343707","68"
"2025-02-04 00:55:19","10.9s","4a35436d7a504ddf826aa8856d30157f","selective-kit-130","LOCAL","c:\Users\thumm\AppData\Local\Programs\Python\Python313\Lib\site-packages\ipykernel_launcher.py","thumm","FINISHED","(1, 1, 1)","(1, 0, 1, 7)","0.7100086686741385","67"
"2025-02-04 00:55:10","9.5s","93fdaf72e8c54e9fbc36444a6af95414","angry-ape-618","LOCAL","c:\Users\thumm\AppData\Local\Programs\Python\Python313\Lib\site-packages\ipykernel_launcher.py","thumm","FINISHED","(1, 1, 1)","(1, 0, 1, 7)","0.2645193535978104","66"
"2025-02-04 00:54:59","11.4s","1254b49377fd4da9a3edcc18209a7876","big-shoat-436","LOCAL","c:\Users\thumm\AppData\Local\Programs\Python\Python313\Lib\site-packages\ipykernel_launcher.py","thumm","FINISHED","(1, 1, 1)","(1, 0, 1, 7)","0.2533098979599913","65"
"2025-02-04 00:54:48","10.5s","f0d34d8325e94c20a70400f891e41e86","painted-panda-22","LOCAL","c:\Users\thumm\AppData\Local\Programs\Python\Python313\Lib\site-packages\ipykernel_launcher.py","thumm","FINISHED","(1, 1, 1)","(1, 0, 1, 7)","0.2097402716693303","64"
"2025-02-04 00:54:38","9.7s","8ea7bd08a68349aebf57c75c3d21dec7","vaunted-wolf-87","LOCAL","c:\Users\thumm\AppData\Local\Programs\Python\Python313\Lib\site-packages\ipykernel_launcher.py","thumm","FINISHED","(1, 1, 1)","(1, 0, 1, 7)","0.21940928785634808","63"
"2025-02-04 00:54:27","11.3s","1b023a99d87a4778a0ed82a27b210ef5","carefree-toad-825","LOCAL","c:\Users\thumm\AppData\Local\Programs\Python\Python313\Lib\site-packages\ipykernel_launcher.py","thumm","FINISHED","(1, 1, 1)","(1, 0, 1, 7)","0.26599926075264946","62"
"2025-02-04 00:54:17","9.8s","cc331cd19cb54698b59b5e1781509e11","brawny-fawn-500","LOCAL","c:\Users\thumm\AppData\Local\Programs\Python\Python313\Lib\site-packages\ipykernel_launcher.py","thumm","FINISHED","(1, 1, 1)","(1, 0, 1, 7)","0.337875178183177","61"
"2025-02-04 00:54:07","9.8s","7f38123e65b046918a86b98d38c1b974","merciful-panda-245","LOCAL","c:\Users\thumm\AppData\Local\Programs\Python\Python313\Lib\site-packages\ipykernel_launcher.py","thumm","FINISHED","(1, 1, 1)","(1, 0, 1, 7)","0.4116418679558503","60"
"2025-02-04 00:53:57","10.4s","44092d4029d14403a340aab7caf935aa","languid-grub-501","LOCAL","c:\Users\thumm\AppData\Local\Programs\Python\Python313\Lib\site-packages\ipykernel_launcher.py","thumm","FINISHED","(1, 1, 1)","(1, 0, 1, 7)","0.29633142850861993","59"
"2025-02-04 00:53:46","10.5s","15f80620c79a460c9d20ec40e2739547","skillful-yak-582","LOCAL","c:\Users\thumm\AppData\Local\Programs\Python\Python313\Lib\site-packages\ipykernel_launcher.py","thumm","FINISHED","(1, 1, 1)","(1, 0, 1, 7)","0.2240084358024818","58"
"2025-02-04 00:53:37","9.7s","ad28cf759c4c44518adf61058a616c5e","nervous-rat-137","LOCAL","c:\Users\thumm\AppData\Local\Programs\Python\Python313\Lib\site-packages\ipykernel_launcher.py","thumm","FINISHED","(1, 1, 1)","(1, 0, 1, 7)","0.2631250499335225","57"
"2025-02-04 00:53:27","10.0s","64d6666980364b0a8605506f3da059d2","resilient-flea-59","LOCAL","c:\Users\thumm\AppData\Local\Programs\Python\Python313\Lib\site-packages\ipykernel_launcher.py","thumm","FINISHED","(1, 1, 1)","(1, 0, 1, 7)","0.239859601790874","56"
"2025-02-04 00:53:17","9.4s","7993483bf49a46e8bd4c2e2335c21c5c","loud-shark-718","LOCAL","c:\Users\thumm\AppData\Local\Programs\Python\Python313\Lib\site-packages\ipykernel_launcher.py","thumm","FINISHED","(1, 1, 1)","(1, 0, 1, 7)","0.32391324630195445","55"
"2025-02-04 00:53:06","10.7s","7eac692ab821409fa25708620a338d3f","colorful-dove-392","LOCAL","c:\Users\thumm\AppData\Local\Programs\Python\Python313\Lib\site-packages\ipykernel_launcher.py","thumm","FINISHED","(1, 1, 1)","(1, 0, 1, 7)","0.3300584374963113","54"
"2025-02-04 00:52:57","9.9s","2189ed447c5447ed8e77da1b0c09b806","awesome-swan-420","LOCAL","c:\Users\thumm\AppData\Local\Programs\Python\Python313\Lib\site-packages\ipykernel_launcher.py","thumm","FINISHED","(1, 1, 1)","(1, 0, 1, 7)","0.4692062893481976","53"
"2025-02-04 00:52:47","9.8s","38975aef41b94831a73eabf7ec20ae22","grandiose-toad-586","LOCAL","c:\Users\thumm\AppData\Local\Programs\Python\Python313\Lib\site-packages\ipykernel_launcher.py","thumm","FINISHED","(1, 1, 1)","(1, 0, 1, 7)","0.372296165634056","52"
"2025-02-04 00:52:37","9.8s","5a3ba7d97e124aa29ed0287855624f33","secretive-deer-646","LOCAL","c:\Users\thumm\AppData\Local\Programs\Python\Python313\Lib\site-packages\ipykernel_launcher.py","thumm","FINISHED","(1, 1, 1)","(1, 0, 1, 7)","0.2479450840289044","51"
"2025-02-04 00:52:26","10.4s","12debbb9263c47ee81cc1f4136c5a0d5","nimble-jay-934","LOCAL","c:\Users\thumm\AppData\Local\Programs\Python\Python313\Lib\site-packages\ipykernel_launcher.py","thumm","FINISHED","(1, 1, 1)","(1, 0, 1, 7)","0.27943691070470805","50"
"2025-02-04 00:52:16","10.5s","4ced102622674867b9825917a429cafb","amusing-slug-484","LOCAL","c:\Users\thumm\AppData\Local\Programs\Python\Python313\Lib\site-packages\ipykernel_launcher.py","thumm","FINISHED","(1, 1, 1)","(1, 0, 1, 7)","0.23057945368945726","49"
"2025-02-04 00:52:06","9.9s","9151d76209a0489883cd302d50ea5e71","efficient-trout-740","LOCAL","c:\Users\thumm\AppData\Local\Programs\Python\Python313\Lib\site-packages\ipykernel_launcher.py","thumm","FINISHED","(1, 1, 1)","(1, 0, 1, 7)","0.26205988690770077","48"
"2025-02-04 00:51:56","10.2s","c3600ef239ff42e4be17c0cf25a78fd5","incongruous-cow-418","LOCAL","c:\Users\thumm\AppData\Local\Programs\Python\Python313\Lib\site-packages\ipykernel_launcher.py","thumm","FINISHED","(1, 1, 1)","(1, 0, 1, 7)","0.19930697758390314","47"
"2025-02-04 00:51:45","11.1s","07f50dad39c94d07b076998151d04cd0","respected-mink-520","LOCAL","c:\Users\thumm\AppData\Local\Programs\Python\Python313\Lib\site-packages\ipykernel_launcher.py","thumm","FINISHED","(1, 1, 1)","(1, 0, 1, 7)","0.4623865788757268","46"
"2025-02-04 00:51:35","9.2s","1e6381baccdd4744af115be79c20678f","serious-doe-843","LOCAL","c:\Users\thumm\AppData\Local\Programs\Python\Python313\Lib\site-packages\ipykernel_launcher.py","thumm","FINISHED","(1, 1, 1)","(1, 0, 1, 7)","0.38434571622238695","45"
"2025-02-04 00:51:25","10.5s","25fd460251c84f1c97d29b81d88a34c7","luxuriant-bug-954","LOCAL","c:\Users\thumm\AppData\Local\Programs\Python\Python313\Lib\site-packages\ipykernel_launcher.py","thumm","FINISHED","(1, 1, 1)","(1, 0, 1, 7)","0.31660143854746803","44"
"2025-02-04 00:51:15","10.2s","615226a87bc249c988f808ae309139a5","victorious-ape-235","LOCAL","c:\Users\thumm\AppData\Local\Programs\Python\Python313\Lib\site-packages\ipykernel_launcher.py","thumm","FINISHED","(1, 1, 1)","(1, 0, 1, 7)","0.30133147919992465","43"
"2025-02-04 00:51:05","9.3s","949a0217a7514929bd5d4cee0d4fb6d4","amazing-skink-625","LOCAL","c:\Users\thumm\AppData\Local\Programs\Python\Python313\Lib\site-packages\ipykernel_launcher.py","thumm","FINISHED","(1, 1, 1)","(1, 0, 1, 7)","0.36247493375909967","42"
"2025-02-04 00:50:55","10.7s","058aa4da4d4c423b963897089a1cd5f1","nosy-snipe-462","LOCAL","c:\Users\thumm\AppData\Local\Programs\Python\Python313\Lib\site-packages\ipykernel_launcher.py","thumm","FINISHED","(1, 1, 1)","(1, 0, 1, 7)","0.2787060735178227","41"
"2025-02-04 00:50:45","10.0s","3dc5ae6cf23b41c18fabf2e9212df7a9","able-grouse-699","LOCAL","c:\Users\thumm\AppData\Local\Programs\Python\Python313\Lib\site-packages\ipykernel_launcher.py","thumm","FINISHED","(1, 1, 1)","(1, 0, 1, 7)","0.23537190919161052","40"
"2025-02-04 00:50:36","9.0s","3ae627d5088e4bfc9287b46aed0ae481","skillful-calf-608","LOCAL","c:\Users\thumm\AppData\Local\Programs\Python\Python313\Lib\site-packages\ipykernel_launcher.py","thumm","FINISHED","(1, 1, 1)","(1, 0, 1, 7)","0.34244198778070695","39"
"2025-02-04 00:50:24","11.2s","c30e8432edf544d283f81ecdaebd6c45","wise-calf-776","LOCAL","c:\Users\thumm\AppData\Local\Programs\Python\Python313\Lib\site-packages\ipykernel_launcher.py","thumm","FINISHED","(1, 1, 1)","(1, 0, 1, 7)","0.3270027187294716","38"
"2025-02-04 00:50:15","9.5s","ca21526da3ea4ca280b4707156612fe0","receptive-moose-124","LOCAL","c:\Users\thumm\AppData\Local\Programs\Python\Python313\Lib\site-packages\ipykernel_launcher.py","thumm","FINISHED","(1, 1, 1)","(1, 0, 1, 7)","0.27905662805703446","37"
"2025-02-04 00:50:06","8.6s","0a463b619d374a45bdf5a534ed7dbd38","nosy-smelt-11","LOCAL","c:\Users\thumm\AppData\Local\Programs\Python\Python313\Lib\site-packages\ipykernel_launcher.py","thumm","FINISHED","(1, 1, 1)","(1, 0, 1, 7)","0.5234739562009941","36"
"2025-02-04 00:49:57","8.9s","ce180e698c8242a6bcf8510bf4ae91c2","merciful-skunk-149","LOCAL","c:\Users\thumm\AppData\Local\Programs\Python\Python313\Lib\site-packages\ipykernel_launcher.py","thumm","FINISHED","(1, 1, 1)","(1, 0, 1, 7)","0.22648842512312964","35"
"2025-02-04 00:49:49","8.7s","3542b4b556e2434f91810f316cae9328","suave-turtle-118","LOCAL","c:\Users\thumm\AppData\Local\Programs\Python\Python313\Lib\site-packages\ipykernel_launcher.py","thumm","FINISHED","(1, 1, 1)","(1, 0, 1, 7)","0.29693573756184494","34"
"2025-02-04 00:49:40","8.7s","7069f90f8f6a49898f07528b0f478e2b","luminous-boar-640","LOCAL","c:\Users\thumm\AppData\Local\Programs\Python\Python313\Lib\site-packages\ipykernel_launcher.py","thumm","FINISHED","(1, 1, 1)","(1, 0, 1, 7)","0.32805537575688903","33"
"2025-02-04 00:49:30","10.0s","bb371e2697be44cb937d1995ece18166","shivering-conch-686","LOCAL","c:\Users\thumm\AppData\Local\Programs\Python\Python313\Lib\site-packages\ipykernel_launcher.py","thumm","FINISHED","(1, 1, 1)","(1, 0, 1, 7)","0.2206092273196419","32"
"2025-02-04 00:49:21","8.8s","653dcfc33992411ebfabfa18c5b105f9","invincible-frog-538","LOCAL","c:\Users\thumm\AppData\Local\Programs\Python\Python313\Lib\site-packages\ipykernel_launcher.py","thumm","FINISHED","(1, 1, 1)","(1, 0, 1, 7)","0.2747621595884173","31"
"2025-02-04 00:49:12","9.4s","bb21635df1654e458305cdf5800fbff3","zealous-penguin-376","LOCAL","c:\Users\thumm\AppData\Local\Programs\Python\Python313\Lib\site-packages\ipykernel_launcher.py","thumm","FINISHED","(1, 1, 1)","(1, 0, 1, 7)","0.29945150227265904","30"
"2025-02-04 00:49:03","9.0s","b286208e62314f98b378696f1d699ec4","orderly-skunk-159","LOCAL","c:\Users\thumm\AppData\Local\Programs\Python\Python313\Lib\site-packages\ipykernel_launcher.py","thumm","FINISHED","(1, 1, 1)","(1, 0, 1, 7)","0.365750892359521","29"
"2025-02-04 00:48:53","9.5s","969cb860804b4d139954f5602e5adab6","glamorous-hare-943","LOCAL","c:\Users\thumm\AppData\Local\Programs\Python\Python313\Lib\site-packages\ipykernel_launcher.py","thumm","FINISHED","(1, 1, 1)","(1, 0, 1, 7)","0.3073135910426943","28"
"2025-02-04 00:48:44","9.3s","faa89721f7f6464589db894c522b7097","rumbling-kit-247","LOCAL","c:\Users\thumm\AppData\Local\Programs\Python\Python313\Lib\site-packages\ipykernel_launcher.py","thumm","FINISHED","(1, 1, 1)","(1, 0, 1, 7)","0.3536252982582244","27"
"2025-02-04 00:48:34","9.7s","9bb111b72f634fbb904a07e4340b070a","clean-stoat-861","LOCAL","c:\Users\thumm\AppData\Local\Programs\Python\Python313\Lib\site-packages\ipykernel_launcher.py","thumm","FINISHED","(1, 1, 1)","(1, 0, 1, 7)","0.3102816493680878","26"
"2025-02-04 00:48:25","9.5s","48457f6061084d7cb1a5431d146b6eeb","polite-mare-147","LOCAL","c:\Users\thumm\AppData\Local\Programs\Python\Python313\Lib\site-packages\ipykernel_launcher.py","thumm","FINISHED","(1, 1, 1)","(1, 0, 1, 7)","0.2558459418385732","25"
"2025-02-04 00:48:15","9.3s","26377cdd61a8448ea3a17d57a10a42b7","smiling-dog-586","LOCAL","c:\Users\thumm\AppData\Local\Programs\Python\Python313\Lib\site-packages\ipykernel_launcher.py","thumm","FINISHED","(1, 1, 1)","(1, 0, 1, 7)","0.39861548268559827","24"
"2025-02-04 00:48:06","9.5s","92c465e2a3664430a5da0ceedfac7704","amazing-crane-94","LOCAL","c:\Users\thumm\AppData\Local\Programs\Python\Python313\Lib\site-packages\ipykernel_launcher.py","thumm","FINISHED","(1, 1, 1)","(1, 0, 1, 7)","0.2817547834931999","23"
"2025-02-04 00:47:56","9.6s","bea184dd421d493b94a1ddbc2c526386","gaudy-crane-628","LOCAL","c:\Users\thumm\AppData\Local\Programs\Python\Python313\Lib\site-packages\ipykernel_launcher.py","thumm","FINISHED","(1, 1, 1)","(1, 0, 1, 7)","0.3022741719030764","22"
"2025-02-04 00:47:47","8.9s","e6c0202cd38d44838d7c2f842ca91069","big-mare-920","LOCAL","c:\Users\thumm\AppData\Local\Programs\Python\Python313\Lib\site-packages\ipykernel_launcher.py","thumm","FINISHED","(1, 1, 1)","(1, 0, 1, 7)","0.3176245908243047","21"
"2025-02-04 00:47:38","9.5s","88c4e5b93284425ca312601b60b73be7","debonair-doe-651","LOCAL","c:\Users\thumm\AppData\Local\Programs\Python\Python313\Lib\site-packages\ipykernel_launcher.py","thumm","FINISHED","(1, 1, 1)","(1, 0, 1, 7)","0.22254613147403085","20"
"2025-02-04 00:47:26","12.1s","08589443d1fc4c97b57bc7824d1af223","adorable-finch-362","LOCAL","c:\Users\thumm\AppData\Local\Programs\Python\Python313\Lib\site-packages\ipykernel_launcher.py","thumm","FINISHED","(1, 1, 1)","(1, 0, 1, 7)","0.22577189132156505","19"
"2025-02-04 00:47:16","10.0s","4471646496e84927b45d752f374638ac","adventurous-grub-699","LOCAL","c:\Users\thumm\AppData\Local\Programs\Python\Python313\Lib\site-packages\ipykernel_launcher.py","thumm","FINISHED","(1, 1, 1)","(1, 0, 1, 7)","0.2675047925833812","18"
"2025-02-04 00:47:05","10.3s","77d4c4c1039a44b0a930958e0a9b8f58","serious-tern-938","LOCAL","c:\Users\thumm\AppData\Local\Programs\Python\Python313\Lib\site-packages\ipykernel_launcher.py","thumm","FINISHED","(1, 1, 1)","(1, 0, 1, 7)","0.31655964583998164","17"
"2025-02-04 00:46:55","10.5s","a16904ae62434ec48693b1dcb8bc48ab","loud-loon-997","LOCAL","c:\Users\thumm\AppData\Local\Programs\Python\Python313\Lib\site-packages\ipykernel_launcher.py","thumm","FINISHED","(1, 1, 1)","(1, 0, 1, 7)","0.3078914006563075","16"
"2025-02-04 00:46:44","10.5s","ab2e3c4b695c4cd9aa8d22ce7b5135d2","fearless-pig-874","LOCAL","c:\Users\thumm\AppData\Local\Programs\Python\Python313\Lib\site-packages\ipykernel_launcher.py","thumm","FINISHED","(1, 1, 1)","(1, 0, 1, 7)","0.17378293836643272","15"
"2025-02-04 00:46:35","9.4s","9c4e2b0c21924244ad0a6d213bd26e0b","nervous-moose-441","LOCAL","c:\Users\thumm\AppData\Local\Programs\Python\Python313\Lib\site-packages\ipykernel_launcher.py","thumm","FINISHED","(1, 1, 1)","(1, 0, 1, 7)","0.3058005567074191","14"
"2025-02-04 00:46:25","10.2s","31cf124a3e944e9780fb9be1eca6a585","invincible-elk-885","LOCAL","c:\Users\thumm\AppData\Local\Programs\Python\Python313\Lib\site-packages\ipykernel_launcher.py","thumm","FINISHED","(1, 1, 1)","(1, 0, 1, 7)","0.2831804563337187","13"
"2025-02-04 00:46:15","9.8s","74ef2fc40ee8432da402649d26b2b9c9","silent-panda-828","LOCAL","c:\Users\thumm\AppData\Local\Programs\Python\Python313\Lib\site-packages\ipykernel_launcher.py","thumm","FINISHED","(1, 1, 1)","(1, 0, 1, 7)","0.3658171034625527","12"
"2025-02-04 00:46:05","9.8s","0951caec49354b1ebaf530e6dc821732","enthused-conch-671","LOCAL","c:\Users\thumm\AppData\Local\Programs\Python\Python313\Lib\site-packages\ipykernel_launcher.py","thumm","FINISHED","(1, 1, 1)","(1, 0, 1, 7)","0.2971433309286043","11"
"2025-02-04 00:45:55","9.9s","ac852b0bac4a4731a7629cc42bee27f6","aged-horse-374","LOCAL","c:\Users\thumm\AppData\Local\Programs\Python\Python313\Lib\site-packages\ipykernel_launcher.py","thumm","FINISHED","(1, 1, 1)","(1, 0, 1, 7)","0.2669236926046744","10"
"2025-02-04 00:45:46","9.0s","5e79d2fc9cec44619a4f337f7602924a","masked-sponge-523","LOCAL","c:\Users\thumm\AppData\Local\Programs\Python\Python313\Lib\site-packages\ipykernel_launcher.py","thumm","FINISHED","(1, 1, 1)","(1, 0, 1, 7)","0.30565613906067146","9"
"2025-02-04 00:45:36","9.8s","4e22d6eb56cf4d649043af812284342d","debonair-sponge-785","LOCAL","c:\Users\thumm\AppData\Local\Programs\Python\Python313\Lib\site-packages\ipykernel_launcher.py","thumm","FINISHED","(1, 1, 1)","(1, 0, 1, 7)","0.24862000010315924","8"
"2025-02-04 00:45:27","9.4s","47587fa2e55646df9ecc10d75e76c17c","righteous-ox-739","LOCAL","c:\Users\thumm\AppData\Local\Programs\Python\Python313\Lib\site-packages\ipykernel_launcher.py","thumm","FINISHED","(1, 1, 1)","(1, 0, 1, 7)","0.2839901793531189","7"
"2025-02-04 00:45:18","9.2s","645db281681847a59b1b2c3048172e91","handsome-skunk-964","LOCAL","c:\Users\thumm\AppData\Local\Programs\Python\Python313\Lib\site-packages\ipykernel_launcher.py","thumm","FINISHED","(1, 1, 1)","(1, 0, 1, 7)","0.4530865588649434","6"
"2025-02-04 00:45:08","9.6s","3a37ca43ba4b4db2ba6c651bb46ba41b","unruly-kite-450","LOCAL","c:\Users\thumm\AppData\Local\Programs\Python\Python313\Lib\site-packages\ipykernel_launcher.py","thumm","FINISHED","(1, 1, 1)","(1, 0, 1, 7)","0.26725842760243135","5"
"2025-02-04 00:44:58","10.2s","104d5ee07a9b41ea8cf20f39b6f36a9f","delicate-fox-538","LOCAL","c:\Users\thumm\AppData\Local\Programs\Python\Python313\Lib\site-packages\ipykernel_launcher.py","thumm","FINISHED","(1, 1, 1)","(1, 0, 1, 7)","0.27732859461203213","4"
"2025-02-04 00:44:47","10.4s","c7aa228e514b4aa98c6f53863b355bac","stately-yak-371","LOCAL","c:\Users\thumm\AppData\Local\Programs\Python\Python313\Lib\site-packages\ipykernel_launcher.py","thumm","FINISHED","(1, 1, 1)","(1, 0, 1, 7)","0.2637620148881011","3"
"2025-02-04 00:44:37","10.0s","a8ad900290ec4f3390a67a2b1fa77d9f","victorious-wren-164","LOCAL","c:\Users\thumm\AppData\Local\Programs\Python\Python313\Lib\site-packages\ipykernel_launcher.py","thumm","FINISHED","(1, 1, 1)","(1, 0, 1, 7)","0.33630017355373537","2"
"2025-02-04 00:44:28","9.4s","87a7b9449b524923951697ba403acc37","upset-finch-551","LOCAL","c:\Users\thumm\AppData\Local\Programs\Python\Python313\Lib\site-packages\ipykernel_launcher.py","thumm","FINISHED","(1, 1, 1)","(1, 0, 1, 7)","0.39796771180578444","1"
"2025-02-04 00:44:08","19.5s","10d3a5cd2dd244c99fdfe96ee8ef2985","angry-squirrel-885","LOCAL","c:\Users\thumm\AppData\Local\Programs\Python\Python313\Lib\site-packages\ipykernel_launcher.py","thumm","FINISHED","(1, 1, 1)","(1, 0, 1, 7)","0.19732673879766632","Sales"
